e5449cb6-6e1c-43be-8996-b9525dbaa98e	0	0013ef33-dd19-404a-b822-1a6d82d4eeab	64c1df5e-b72f-46f7-8afa-d8e6dd70447f	2026-03-11 08:34:23	2026-03-11 08:34:23
d063b668-4de1-45f6-a9c1-d16189fe62a1	1	0013ef33-dd19-404a-b822-1a6d82d4eeab	4c9f81c3-0ea1-4315-8c60-a5c6b03b4e33	2026-03-11 08:34:23	2026-03-11 08:34:23
12ffae6e-e211-4900-823d-5356d1b25b73	2	0013ef33-dd19-404a-b822-1a6d82d4eeab	d2f4df0a-0d01-4a96-ab6a-2d09ac070148	2026-03-11 08:34:23	2026-03-11 08:34:23
ece80f2a-5e57-4fce-9101-c0feb7ec592d	3	0013ef33-dd19-404a-b822-1a6d82d4eeab	0645cfc4-1d9e-4244-bedf-7d2079c13a81	2026-03-11 08:34:23	2026-03-11 08:34:23
3fa76680-f9db-41ae-951c-ea36ce6f421a	4	0013ef33-dd19-404a-b822-1a6d82d4eeab	a98d229c-6c9f-4cf1-bf0d-b89cf48d36d2	2026-03-11 08:34:23	2026-03-11 08:34:23
a950b851-6730-4574-b7e1-33bea604794d	0	0be0aee4-8b37-4340-bb88-b0f81a18b208	d6743474-0721-425f-b11f-f6a56a12a9f5	2026-03-11 08:34:24	2026-03-11 08:34:24
8f771eb5-547c-4406-9360-1b8ff05e3418	1	0be0aee4-8b37-4340-bb88-b0f81a18b208	ea342d86-25c5-49aa-9fe6-8026b04064be	2026-03-11 08:34:24	2026-03-11 08:34:24
7030f5dd-e81b-48ed-9a34-16a278cc2e38	2	0be0aee4-8b37-4340-bb88-b0f81a18b208	84123101-eaba-47e4-a857-eaa4380adbb4	2026-03-11 08:34:24	2026-03-11 08:34:24
afad7ba9-f7cd-4860-b0f8-3d7bed9c90a2	3	0be0aee4-8b37-4340-bb88-b0f81a18b208	8af2b393-2a7d-4662-b43a-f8209eafb63d	2026-03-11 08:34:24	2026-03-11 08:34:24
03099ea6-029c-4203-9d03-9f6ebfd5ead9	4	0be0aee4-8b37-4340-bb88-b0f81a18b208	c74b6676-8bcd-4384-a310-85de48891639	2026-03-11 08:34:24	2026-03-11 08:34:24
c292be07-3544-494f-959a-b927b8e367e5	0	46320a1c-95d3-427d-8f72-129a94f980d0	5e32b007-a085-4378-b194-d3315bed547a	2026-03-11 08:34:24	2026-03-11 08:34:24
ef1b53a9-fb5a-4df4-bcf5-70ad34915a32	1	46320a1c-95d3-427d-8f72-129a94f980d0	a49a383e-2965-415e-a8b2-4e7f8f432e3b	2026-03-11 08:34:24	2026-03-11 08:34:24
eb794d01-3998-4236-a98c-ac00daa247f9	2	46320a1c-95d3-427d-8f72-129a94f980d0	034af22e-24c5-4b95-843e-19856705fea2	2026-03-11 08:34:24	2026-03-11 08:34:24
85b7df3c-ac78-4a10-9041-45cb932d3bb9	3	46320a1c-95d3-427d-8f72-129a94f980d0	c3ef179d-072d-42bd-aae1-c8fb2c97b004	2026-03-11 08:34:24	2026-03-11 08:34:24
290c764d-77b9-4b73-8420-ce271495a2f6	4	46320a1c-95d3-427d-8f72-129a94f980d0	88ec4322-3ebe-4412-a423-6e6b595d8ef9	2026-03-11 08:34:24	2026-03-11 08:34:24
64dc8a39-8657-4fa5-ba3f-17f3190762b0	0	7cf44922-f94e-49fd-a179-074745ff7b6c	53702a99-0526-485e-8408-b6df6547d40f	2026-03-11 08:34:24	2026-03-11 08:34:24
c7ba8e8b-50b9-403d-a6ff-87f217315aa6	1	7cf44922-f94e-49fd-a179-074745ff7b6c	38c218cd-da15-4169-9148-5a1c61bf455d	2026-03-11 08:34:24	2026-03-11 08:34:24
201443c7-e203-40a7-b2e4-f4c937bd02ac	2	7cf44922-f94e-49fd-a179-074745ff7b6c	0cdc9c31-70fa-41f2-87e6-ac76a73f2f6a	2026-03-11 08:34:24	2026-03-11 08:34:24
1c002fec-2c81-408b-b2a1-6b815418753a	3	7cf44922-f94e-49fd-a179-074745ff7b6c	73194006-f679-4931-9382-ee600317bc17	2026-03-11 08:34:24	2026-03-11 08:34:24
861540b2-4c2c-43e7-a655-8820ff8d9184	4	7cf44922-f94e-49fd-a179-074745ff7b6c	4727579e-f321-4e47-8369-8e89e703c74a	2026-03-11 08:34:24	2026-03-11 08:34:24
2d00861c-9d7b-45e3-8c15-1f717ac97fc8	0	d1d3c3e2-81b5-4948-aecd-947346cf963e	52060728-701c-4301-99ee-da8583458c06	2026-03-11 08:34:25	2026-03-11 08:34:25
9c087aac-2dd6-4d47-b79f-a305fb4c7f50	1	d1d3c3e2-81b5-4948-aecd-947346cf963e	5f6671be-c5d1-4b8e-859c-f212f44290bc	2026-03-11 08:34:25	2026-03-11 08:34:25
2271db2c-8476-4af7-a169-c689511a00f5	2	d1d3c3e2-81b5-4948-aecd-947346cf963e	9da9e3e0-0971-4bce-8229-28db771d42ae	2026-03-11 08:34:25	2026-03-11 08:34:25
e26fc6d1-f99c-45fa-91c5-464640d24086	3	d1d3c3e2-81b5-4948-aecd-947346cf963e	1e4bca29-3cd2-4c6a-9d39-5619886df43a	2026-03-11 08:34:25	2026-03-11 08:34:25
cc43bc73-de0a-4110-bf97-b45f81a22ee4	4	d1d3c3e2-81b5-4948-aecd-947346cf963e	3cbed882-522a-427d-b657-3b3993c55a26	2026-03-11 08:34:25	2026-03-11 08:34:25
f8467952-f31e-4cda-9f96-45bbd9a33d7b	0	4181148a-6cbf-45a8-ab3c-e1257cab060f	73c642dc-b262-4db7-8334-d4ba6de1c155	2026-03-11 08:34:25	2026-03-11 08:34:25
0f32109e-9399-4d83-82c2-dc96b7cdaeea	1	4181148a-6cbf-45a8-ab3c-e1257cab060f	7745af16-7b07-4257-a395-6fab97c18091	2026-03-11 08:34:25	2026-03-11 08:34:25
eb0f41e8-b3ce-48c1-b5b2-3726da5d1a67	2	4181148a-6cbf-45a8-ab3c-e1257cab060f	4ea0f266-e9ba-4f95-8ded-16892fc65574	2026-03-11 08:34:25	2026-03-11 08:34:25
99593328-90d4-48b9-a3a0-61701f16708a	3	4181148a-6cbf-45a8-ab3c-e1257cab060f	4dbf8aeb-4fcb-4142-86c1-4591da2a0e56	2026-03-11 08:34:25	2026-03-11 08:34:25
90f41a96-16f4-4d95-adb5-8687db801412	0	f60c9b72-4024-41ef-9d8a-422180a6eb24	2d4bef7b-9db9-4f32-ae8a-3ef4de404e26	2026-03-11 08:34:25	2026-03-11 08:34:25
542b2a37-eeae-4235-8c05-382a5118a5ec	1	f60c9b72-4024-41ef-9d8a-422180a6eb24	27cb34f9-4962-4c2c-be38-19cc5214eb62	2026-03-11 08:34:25	2026-03-11 08:34:25
e36681e8-c42f-4b4d-b805-514550141edb	2	f60c9b72-4024-41ef-9d8a-422180a6eb24	4ea8ef54-cf7f-46b6-99af-e5e3fa3ff1c9	2026-03-11 08:34:25	2026-03-11 08:34:25
b3d79f5d-8c8d-4d9d-97bb-58930f14e4b3	3	f60c9b72-4024-41ef-9d8a-422180a6eb24	8518a657-fa61-4a34-bdad-2a03061f55cf	2026-03-11 08:34:25	2026-03-11 08:34:25
f18f3850-d15e-4596-ba7c-1e09e15eb634	4	f60c9b72-4024-41ef-9d8a-422180a6eb24	b080afab-f7fa-434c-a0cf-0d6897b40df6	2026-03-11 08:34:25	2026-03-11 08:34:25
25e71aef-79a4-484a-a8f2-f7a75ae85ca6	3	6ec68497-907a-4200-a254-e4f5e849a659	35b04c02-f79b-47c4-ad12-c5c31649397e	2026-03-11 08:34:25	2026-03-11 08:34:25
098eeb5e-4d24-432d-bd37-4f6542775ca2	0	9a0a1e53-eb63-4317-872d-c1341d0f2b08	dba90c92-748b-4faf-82c2-7f8798e94292	2026-03-11 08:34:25	2026-03-11 08:34:25
97fe608f-af54-4841-ae52-8536bbd2b1ce	1	9a0a1e53-eb63-4317-872d-c1341d0f2b08	b9a70e30-5389-43b1-a41c-944cb9c8f0e0	2026-03-11 08:34:25	2026-03-11 08:34:25
32a1563c-9dfd-4ac3-a8e9-29e7dbe13631	2	9a0a1e53-eb63-4317-872d-c1341d0f2b08	a9de6b14-af8e-4d43-903e-c28f1bd9cfac	2026-03-11 08:34:25	2026-03-11 08:34:25
f3e79dd5-5506-4989-bdc5-69830de8ab28	3	9a0a1e53-eb63-4317-872d-c1341d0f2b08	6e337e6c-46ec-44ab-996e-4c6b3060b327	2026-03-11 08:34:25	2026-03-11 08:34:25
fdca1623-d986-4669-8b3f-f1f71029b3f8	4	9a0a1e53-eb63-4317-872d-c1341d0f2b08	ad61f129-f515-4651-a28e-5e91da06d706	2026-03-11 08:34:25	2026-03-11 08:34:25
9d9ecdfd-4961-4956-b04d-bc2d90e037bc	0	5b8d1d22-39ab-401e-89c2-460081143551	bca8e47c-563b-46e6-b9db-bbcfa62be883	2026-03-11 08:34:25	2026-03-11 08:34:25
5dd6e7ec-3832-421f-90e0-3e5a28b83c7d	1	5b8d1d22-39ab-401e-89c2-460081143551	7020a4ea-b521-406c-a00d-0edff0d71a1d	2026-03-11 08:34:25	2026-03-11 08:34:25
3949acf0-657c-4984-8953-84b537ff1263	2	5b8d1d22-39ab-401e-89c2-460081143551	31d391b7-c4a5-4e22-84e8-b65a16a213c1	2026-03-11 08:34:25	2026-03-11 08:34:25
0ee4e9f6-8653-43dd-9655-9a046889700e	3	5b8d1d22-39ab-401e-89c2-460081143551	45d1f092-01af-4fd5-b4df-aa58b1ce4c05	2026-03-11 08:34:25	2026-03-11 08:34:25
d15844e3-afe1-4b61-b736-a70268908c6e	0	fc7830c4-a970-4f6d-9c38-71ac56b96afa	929e2efa-c09b-470b-bdc0-1eccafcbadad	2026-03-11 08:34:25	2026-03-11 08:34:25
2e3324e8-b27f-4ffe-a03e-e6df3e7bf36d	1	fc7830c4-a970-4f6d-9c38-71ac56b96afa	fb2b852c-9b57-4ef6-9c52-276c65f07bf2	2026-03-11 08:34:25	2026-03-11 08:34:25
7d3946c2-a5ab-438c-b2e4-9e13ca5da028	2	fc7830c4-a970-4f6d-9c38-71ac56b96afa	c5a46b65-a5fc-4918-973c-f94bb49444c4	2026-03-11 08:34:25	2026-03-11 08:34:25
0318b39c-8fce-4540-989f-ad01587aad6d	3	fc7830c4-a970-4f6d-9c38-71ac56b96afa	29fd3f3f-e8f6-42c1-bc94-0d4b7b817656	2026-03-11 08:34:25	2026-03-11 08:34:25
e8dcf329-cb27-469a-a0eb-6b63f7902b72	0	aec7fef3-7cf3-43fe-b4df-191fd015b6ba	b54a725e-b6ea-420b-bc1e-d5c08d47f5e7	2026-03-11 08:34:23	2026-03-11 08:34:23
491b134c-7034-44d7-b2d4-80fa7a0b6d42	1	aec7fef3-7cf3-43fe-b4df-191fd015b6ba	b9477592-15d0-41dd-afa4-e2172a062cda	2026-03-11 08:34:23	2026-03-11 08:34:23
b98bc9c7-b215-45d0-8e3e-ff36cef3f397	2	aec7fef3-7cf3-43fe-b4df-191fd015b6ba	256b19d6-19a4-4dee-bad0-f3c26af60186	2026-03-11 08:34:23	2026-03-11 08:34:23
013b7928-e859-41fd-bfe2-cd1feeecc1b2	3	aec7fef3-7cf3-43fe-b4df-191fd015b6ba	ba6886ae-73b1-428a-ae02-e94c29f6b2c0	2026-03-11 08:34:23	2026-03-11 08:34:23
36e8fcf3-20ed-40c6-a24e-4a32355c23fa	4	aec7fef3-7cf3-43fe-b4df-191fd015b6ba	b1622c8b-6273-4aa8-b352-6174cab99458	2026-03-11 08:34:23	2026-03-11 08:34:23
df497946-c3e7-4954-a2d4-49fb54109d5d	0	ab52d77f-e7d0-4540-91e5-a90ada946a6e	9a53104f-1b51-43c8-8dec-eaa7c5f2df13	2026-03-11 08:34:24	2026-03-11 08:34:24
af3204c4-ad92-4487-9322-fa0be0e24313	1	ab52d77f-e7d0-4540-91e5-a90ada946a6e	3a99d294-1c48-474e-96f7-0a50309a3195	2026-03-11 08:34:24	2026-03-11 08:34:24
0685170e-e33f-4e69-9b26-00fc128842cb	2	ab52d77f-e7d0-4540-91e5-a90ada946a6e	b8ca9dbf-da17-4d51-b55b-865aa162cfde	2026-03-11 08:34:24	2026-03-11 08:34:24
f46909cf-968a-48fb-baab-1bf798625fec	3	ab52d77f-e7d0-4540-91e5-a90ada946a6e	e738a7dd-188c-4154-ba7e-bedc190cf244	2026-03-11 08:34:24	2026-03-11 08:34:24
3a1b71e9-e31e-4888-b77a-5762c5c7e567	4	ab52d77f-e7d0-4540-91e5-a90ada946a6e	90ba0343-5502-474c-afbe-f5b52384cec5	2026-03-11 08:34:24	2026-03-11 08:34:24
c095b398-ca18-46b4-af22-51ba6e309505	0	ce418b11-92fa-4fd6-a21f-7a1ffc3f8d73	626802e7-7554-4e51-a2c0-12c9b1f23390	2026-03-11 08:34:24	2026-03-11 08:34:24
577925cc-2c80-4a72-bd21-80dbc41a853e	1	ce418b11-92fa-4fd6-a21f-7a1ffc3f8d73	23b92f8a-90c4-4e89-8fe9-8a653f18c3a1	2026-03-11 08:34:24	2026-03-11 08:34:24
c7024a24-b95a-40c9-9dde-82092930c195	2	ce418b11-92fa-4fd6-a21f-7a1ffc3f8d73	7228feda-b1ad-4125-8c29-8dbd7f860725	2026-03-11 08:34:24	2026-03-11 08:34:24
f7b8add7-69f5-4bb3-a7c5-ffc0837cfce1	3	ce418b11-92fa-4fd6-a21f-7a1ffc3f8d73	0c62fba4-732c-4202-88be-dd05472463a5	2026-03-11 08:34:24	2026-03-11 08:34:24
9e482214-6fc2-4d44-9134-f3ab51ad4f08	4	ce418b11-92fa-4fd6-a21f-7a1ffc3f8d73	734a2964-edc1-42c4-94e2-c883899eeb9d	2026-03-11 08:34:24	2026-03-11 08:34:24
12124378-31a8-450e-a2f0-203e1d1970f8	0	17d7eb6a-8eb5-4188-95b9-9d5426bbc680	1118fc53-f07e-4448-a3bc-6c3f61294492	2026-03-11 08:34:24	2026-03-11 08:34:24
5ce3b317-568e-451c-bab6-fd01383e84c3	1	17d7eb6a-8eb5-4188-95b9-9d5426bbc680	38e96ed9-864a-4830-9706-0d3791777399	2026-03-11 08:34:24	2026-03-11 08:34:24
d618203a-0eff-4502-a24e-d46cb912231f	2	17d7eb6a-8eb5-4188-95b9-9d5426bbc680	1a20f626-e85e-428c-b396-1079e4d203dc	2026-03-11 08:34:24	2026-03-11 08:34:24
0b20324b-d422-4d23-85b4-1b366310c712	3	17d7eb6a-8eb5-4188-95b9-9d5426bbc680	8f0420dd-1d75-470d-a1f8-0b1186ec6be3	2026-03-11 08:34:24	2026-03-11 08:34:24
bbf5bc63-cb28-4a1a-bcf7-6e4d1a2be934	4	17d7eb6a-8eb5-4188-95b9-9d5426bbc680	36dae679-0840-4ac4-b816-8bbf2234b49c	2026-03-11 08:34:24	2026-03-11 08:34:24
6b5cfa16-952e-4714-9063-bfcfcedd1ea7	0	dc47e9ed-f043-4458-b291-72f4d7f3ac88	0e3b98df-e677-40f6-af21-e78f24086542	2026-03-11 08:34:24	2026-03-11 08:34:24
60467af8-9738-4d27-98dd-7bb3c3b7f324	1	dc47e9ed-f043-4458-b291-72f4d7f3ac88	1320df4a-666e-4ddd-b2dd-1da769927707	2026-03-11 08:34:24	2026-03-11 08:34:24
745cf9f7-5750-4f35-8973-4df39b53edee	2	dc47e9ed-f043-4458-b291-72f4d7f3ac88	7b713106-51b0-418c-8b79-b0c88ca740be	2026-03-11 08:34:24	2026-03-11 08:34:24
1a06dd14-3646-42bb-a327-0614ce2b2233	3	dc47e9ed-f043-4458-b291-72f4d7f3ac88	ab34dc1c-cf54-4c25-a2cb-fe65aca77ccc	2026-03-11 08:34:24	2026-03-11 08:34:24
84881205-f6e3-4809-afb0-763271eb758c	4	dc47e9ed-f043-4458-b291-72f4d7f3ac88	2aad86e8-f665-4779-9271-3f2dc145834c	2026-03-11 08:34:24	2026-03-11 08:34:24
e08c447b-acbc-4233-bab1-2e1d279c0d5c	0	a4ca11e7-89f4-4d09-9e47-ffd714938f89	808dff96-6191-45b9-a9e5-7a10a8db535d	2026-03-11 08:34:25	2026-03-11 08:34:25
ad7fe48a-eff2-492f-b07b-00d98e69521b	1	a4ca11e7-89f4-4d09-9e47-ffd714938f89	95a02895-c455-4d68-b485-67ae689a5603	2026-03-11 08:34:25	2026-03-11 08:34:25
4e5e8b0a-281d-4430-a387-def0e648a15e	2	a4ca11e7-89f4-4d09-9e47-ffd714938f89	5a96932a-3f7a-4424-8db0-1ef425e6b820	2026-03-11 08:34:25	2026-03-11 08:34:25
cb28dc01-3be4-4043-af9b-2df18f0fbbf2	3	a4ca11e7-89f4-4d09-9e47-ffd714938f89	c7688e7c-ce35-4539-956f-dd315fc54d8d	2026-03-11 08:34:25	2026-03-11 08:34:25
3a46e02d-87f5-4fe6-909b-44668067c28b	4	a4ca11e7-89f4-4d09-9e47-ffd714938f89	97d71362-c6dc-47b7-a41b-3950b1352995	2026-03-11 08:34:25	2026-03-11 08:34:25
cf467861-5310-499a-a822-e45a36f686b5	0	0c6e11d3-e2ab-4055-9854-18b3c5d161c0	af3f6194-e509-44df-b807-0a1a3760f0ca	2026-03-11 08:34:25	2026-03-11 08:34:25
085f81f6-e721-407f-8615-9881a2dc0767	1	0c6e11d3-e2ab-4055-9854-18b3c5d161c0	ce8f167b-8898-4d97-bda4-7e541fde65cd	2026-03-11 08:34:25	2026-03-11 08:34:25
70d5c597-6c86-4045-8834-4666fea4beae	2	0c6e11d3-e2ab-4055-9854-18b3c5d161c0	16356b44-4010-4999-9db8-839751318643	2026-03-11 08:34:25	2026-03-11 08:34:25
6314dd11-79b5-4c58-a687-4fe8fc61bd1d	3	0c6e11d3-e2ab-4055-9854-18b3c5d161c0	6b7e2ef4-153e-46fa-8379-b1ccea9d9739	2026-03-11 08:34:25	2026-03-11 08:34:25
41af502d-3990-4d4e-b3b9-7b16f5dd46d2	4	0c6e11d3-e2ab-4055-9854-18b3c5d161c0	22ac4a31-ba05-4ff1-b9bc-2d8ea2f45fd7	2026-03-11 08:34:25	2026-03-11 08:34:25
14f0332d-5f83-4502-8d42-b76b07a1045d	0	033d0444-cdef-4ad5-a88d-aa4fe67d29e0	a19365f2-7a53-4b37-a9c9-1a6b8632baeb	2026-03-11 08:34:25	2026-03-11 08:34:25
f9f7a5ed-fb6d-4bd1-8077-ffc0094a4c44	1	033d0444-cdef-4ad5-a88d-aa4fe67d29e0	5561f00e-6111-4460-8480-1172473cd2a7	2026-03-11 08:34:25	2026-03-11 08:34:25
db01070a-9f05-45ab-983e-6369329a6a9a	2	033d0444-cdef-4ad5-a88d-aa4fe67d29e0	c2aee01e-4995-4e06-874b-c4e21d49292b	2026-03-11 08:34:25	2026-03-11 08:34:25
2c67e23d-00ab-46bc-9570-67562da396f4	3	033d0444-cdef-4ad5-a88d-aa4fe67d29e0	a3a39ca8-6ba5-415d-b4b0-44966bccf404	2026-03-11 08:34:25	2026-03-11 08:34:25
0fc1e53c-9b66-4431-a82d-68856b332040	4	1ba9757d-808d-4f27-9742-fdf2a32587b6	7b2d6e78-90a7-449c-bc9d-d89c3d439138	2026-03-11 08:34:25	2026-03-11 08:34:25
fc41f8f6-033f-410b-a1fc-5211435b0e65	4	fc7830c4-a970-4f6d-9c38-71ac56b96afa	79af7271-1141-4465-808a-728612862fec	2026-03-11 08:34:25	2026-03-11 08:34:25
2aaba6eb-6b7d-4e14-b36b-85e3f6539297	0	0b899b6a-534b-44b0-bcf4-6fe027e71ec5	2680a703-e7c7-442a-ba56-624f7137234c	2026-03-11 08:34:26	2026-03-11 08:34:26
1b39152e-dc44-4c65-bc24-62cfa9757918	1	0b899b6a-534b-44b0-bcf4-6fe027e71ec5	cb4eeafe-fb76-4e26-b75c-6f0bc3904c1c	2026-03-11 08:34:26	2026-03-11 08:34:26
51a3971d-557d-4f4e-a015-fef44b243bed	2	0b899b6a-534b-44b0-bcf4-6fe027e71ec5	d35107b5-f1a4-4992-998e-855b0caa785a	2026-03-11 08:34:26	2026-03-11 08:34:26
1a4b99aa-f70f-4e94-bd4e-220d9b6b670f	3	0b899b6a-534b-44b0-bcf4-6fe027e71ec5	795c8860-fc24-4bf2-8f95-339280e3e2bf	2026-03-11 08:34:26	2026-03-11 08:34:26
87e97ad7-740e-446f-8448-7ddb0501572d	4	0b899b6a-534b-44b0-bcf4-6fe027e71ec5	5124290e-d124-4d75-bc82-0f995305d18b	2026-03-11 08:34:26	2026-03-11 08:34:26
81782f0d-ee56-4579-aa8a-38e4748cd020	0	793a1b90-c6a5-42ff-b171-e7454444f540	2ee6c326-5d53-4040-8778-05a49d52209f	2026-03-11 08:34:26	2026-03-11 08:34:26
5d21d934-1c01-4d5e-a57a-5ee329bbab3d	1	793a1b90-c6a5-42ff-b171-e7454444f540	daa74fb1-befb-4b0d-83f8-a868ff6f3042	2026-03-11 08:34:26	2026-03-11 08:34:26
b9aba0d8-fd72-4ab0-b6b3-3cfa843b6f74	2	793a1b90-c6a5-42ff-b171-e7454444f540	eae0f9c9-7483-4e9d-8155-6bb0cc3c041e	2026-03-11 08:34:26	2026-03-11 08:34:26
57f4009f-0028-43cc-a6f2-c14e699bd3b4	3	793a1b90-c6a5-42ff-b171-e7454444f540	1129d885-5001-4287-8d8e-077c16425afe	2026-03-11 08:34:26	2026-03-11 08:34:26
8b8ce248-ac74-409e-b1ff-acf9959f6c89	0	5fe0f6ef-c720-413a-aa30-6f829fb25526	181e7b72-9254-4da0-ae2f-2b48d312066a	2026-03-11 08:34:28	2026-03-11 08:34:28
6d5814c1-8126-40ca-9454-49c457a84dbf	1	5fe0f6ef-c720-413a-aa30-6f829fb25526	62dcb55a-f9a8-46d6-91b5-80ccb2fbae13	2026-03-11 08:34:28	2026-03-11 08:34:28
9264411a-b634-40d6-a5f0-5075e0f6caa8	2	5fe0f6ef-c720-413a-aa30-6f829fb25526	e6f6700d-88d1-4c08-83c7-09046e2d54af	2026-03-11 08:34:28	2026-03-11 08:34:28
fd9a0f35-5dfc-41cc-be99-5adc4f090092	3	5fe0f6ef-c720-413a-aa30-6f829fb25526	1e2a70db-2c6d-496a-bd67-3ee30f8b404d	2026-03-11 08:34:28	2026-03-11 08:34:28
969a0f36-c010-486a-a5cf-204c03ae1240	4	5fe0f6ef-c720-413a-aa30-6f829fb25526	6008ad20-6bbe-43d9-b3f5-228e95264b77	2026-03-11 08:34:28	2026-03-11 08:34:28
d244e3cb-c4e2-47b9-abc5-9b651892ae00	0	93047acd-41c3-4ece-95a3-abae560b3be9	874054e1-81c9-4c72-b520-0a5d803244b7	2026-03-11 08:34:28	2026-03-11 08:34:28
73b27297-3668-45c6-954e-ac38bbbb291c	1	93047acd-41c3-4ece-95a3-abae560b3be9	b96cc029-f5d0-4ebb-95da-9fdb72dda7c5	2026-03-11 08:34:28	2026-03-11 08:34:28
43cc37d0-f171-44e3-abcf-5d8bf8f5b93f	2	93047acd-41c3-4ece-95a3-abae560b3be9	b059cdb7-781e-4fe3-9472-cb7bacfd2aa4	2026-03-11 08:34:28	2026-03-11 08:34:28
1dd37613-f496-4960-962b-b0351000981c	3	93047acd-41c3-4ece-95a3-abae560b3be9	8d7f14e9-6469-468d-b31d-9bcc600c16da	2026-03-11 08:34:28	2026-03-11 08:34:28
4ef7e7b3-381a-40e3-8962-f52a7f7b0b44	4	93047acd-41c3-4ece-95a3-abae560b3be9	c3bfb66e-5fce-448e-96e1-38c576b9487f	2026-03-11 08:34:28	2026-03-11 08:34:28
d867ff70-b899-4af1-8455-e38297ecea98	0	c198fa97-5e2b-4b14-8990-8111666d0985	1654a539-c1f5-43fc-b8fe-ceae02d28d06	2026-03-11 08:34:28	2026-03-11 08:34:28
5adf93a5-a72d-4e4f-b727-d7aea0521b05	1	c198fa97-5e2b-4b14-8990-8111666d0985	43ce4047-0f5b-4071-9852-259b0e755d6d	2026-03-11 08:34:28	2026-03-11 08:34:28
cf052c21-3ab1-462d-8343-c15a3c205de5	2	c198fa97-5e2b-4b14-8990-8111666d0985	0ed49a7d-0a9e-44c7-b049-a2fe5f7de5a1	2026-03-11 08:34:28	2026-03-11 08:34:28
46d4de8c-aca1-47aa-8812-0b73fa7980f4	3	c198fa97-5e2b-4b14-8990-8111666d0985	4fb73ec0-d1a9-455f-9701-8e43af7ca0da	2026-03-11 08:34:28	2026-03-11 08:34:28
b0bf9183-d650-4351-9916-d2dd444f550f	4	c198fa97-5e2b-4b14-8990-8111666d0985	de969475-94e7-44cf-9cc3-3cece68b7c46	2026-03-11 08:34:28	2026-03-11 08:34:28
d449801c-64b5-416d-825f-e7fdf3907d18	0	77ae9c0c-6711-4392-8deb-8db763da33c9	43ce4047-0f5b-4071-9852-259b0e755d6d	2026-03-11 08:34:28	2026-03-11 08:34:28
37a9a4ce-b62f-48f2-954c-30c48b575e42	1	77ae9c0c-6711-4392-8deb-8db763da33c9	37f84cd3-a284-4f15-8970-43b847fc4b2e	2026-03-11 08:34:28	2026-03-11 08:34:28
d416ce67-659d-45a6-8a2f-82f661e64242	2	77ae9c0c-6711-4392-8deb-8db763da33c9	25b34a4a-caee-4a82-996e-6b046f9459e9	2026-03-11 08:34:28	2026-03-11 08:34:28
85d6e5be-269c-44bc-9167-b20445d1e9bb	3	77ae9c0c-6711-4392-8deb-8db763da33c9	d03b9dfb-fbbe-4d1e-b5f5-10aef4be3bc1	2026-03-11 08:34:28	2026-03-11 08:34:28
ee0a15e7-2466-4aab-89fc-03877d9a9948	4	77ae9c0c-6711-4392-8deb-8db763da33c9	2956f11f-9e98-4366-b0c1-239ef032324f	2026-03-11 08:34:28	2026-03-11 08:34:28
4019bc40-3069-45ab-bea7-4447a8a538b6	0	0921ba6e-b816-45cb-a760-57800e7c4b93	e059be95-2de8-4f4a-af35-36a7379fbadc	2026-03-11 08:34:29	2026-03-11 08:34:29
ff0a54d7-485b-4e87-8ace-245f79ed874d	1	0921ba6e-b816-45cb-a760-57800e7c4b93	0e78a57b-6c5e-493e-86ff-e66aec1ad4aa	2026-03-11 08:34:29	2026-03-11 08:34:29
a822dc1a-e772-4a26-8d0a-bdc4026c0e0b	2	0921ba6e-b816-45cb-a760-57800e7c4b93	733be211-0314-4a91-a825-183e35f9872c	2026-03-11 08:34:29	2026-03-11 08:34:29
599a0f1f-c433-4af5-b73b-8a21e9ef9608	3	0921ba6e-b816-45cb-a760-57800e7c4b93	313f0f05-444c-4fb3-bc39-6fcff4d72784	2026-03-11 08:34:29	2026-03-11 08:34:29
865e73a9-d9c1-4277-981c-27afff0a1e75	4	0921ba6e-b816-45cb-a760-57800e7c4b93	23ebffa4-6615-4c97-a12e-27cdc6a06a19	2026-03-11 08:34:29	2026-03-11 08:34:29
2246e224-bba7-4b34-ad7b-e0e7efb5c2a0	0	6d14e55c-b2c1-4d6b-bc24-7ca754445fde	36647573-3613-4647-8645-d58110133f93	2026-03-11 08:34:29	2026-03-11 08:34:29
075e25e8-3750-4d59-9ce4-f1f497fc841b	1	6d14e55c-b2c1-4d6b-bc24-7ca754445fde	bfbbf2b5-004e-40e8-8a45-3225fce5ec48	2026-03-11 08:34:29	2026-03-11 08:34:29
f82ae5b4-f086-4870-9cba-895ae8ff2ba8	2	6d14e55c-b2c1-4d6b-bc24-7ca754445fde	35b04c02-f79b-47c4-ad12-c5c31649397e	2026-03-11 08:34:29	2026-03-11 08:34:29
db92050c-e1c2-40c5-9982-7d39fb277aa8	3	6d14e55c-b2c1-4d6b-bc24-7ca754445fde	029ef1be-6b3a-4573-9bd2-f1db51658801	2026-03-11 08:34:29	2026-03-11 08:34:29
bcad8855-8551-4a79-a3ea-257eed77d6ea	4	6d14e55c-b2c1-4d6b-bc24-7ca754445fde	13b91173-c319-4f40-b9b4-70747265a1e4	2026-03-11 08:34:29	2026-03-11 08:34:29
7fccecf4-737a-437b-bd6d-63cc2ae63baa	0	0fecc191-a41f-4c6f-9d23-aa2e04e9e4e7	dad4fd14-04b2-49d2-a289-dc64491f18ac	2026-03-11 08:34:24	2026-03-11 08:34:24
0c73f1dd-aba0-41d1-a0d9-f027a3479002	1	0fecc191-a41f-4c6f-9d23-aa2e04e9e4e7	1d87170a-dcf5-4576-9fd6-bd3102fc3401	2026-03-11 08:34:24	2026-03-11 08:34:24
6abd28c1-e7bd-4212-9d47-6ba0a82dac62	2	0fecc191-a41f-4c6f-9d23-aa2e04e9e4e7	9804432a-b32e-4580-9f99-362c9eb1ddbf	2026-03-11 08:34:24	2026-03-11 08:34:24
b8b39da3-1f01-45a6-b989-80a09adbf43f	3	0fecc191-a41f-4c6f-9d23-aa2e04e9e4e7	7edd8323-4d98-47db-81c9-7b0c13b2dc00	2026-03-11 08:34:24	2026-03-11 08:34:24
288cc76f-195e-4b58-876a-83cf8c5a4cb1	4	0fecc191-a41f-4c6f-9d23-aa2e04e9e4e7	8ef4bafb-f412-4bd8-8cdb-540a831ac8ea	2026-03-11 08:34:24	2026-03-11 08:34:24
c5c451db-c7f3-48e6-8353-55f57efa2fd0	0	514dc9ba-c7e3-4df9-83b0-7c68e1a0f6d1	77c946dd-1315-462b-8678-ad1059d70c7a	2026-03-11 08:34:24	2026-03-11 08:34:24
514379aa-ec9c-4e6c-926f-3db862b562ff	1	514dc9ba-c7e3-4df9-83b0-7c68e1a0f6d1	e817518b-16a2-49db-8bb0-ff0eae7cee19	2026-03-11 08:34:24	2026-03-11 08:34:24
b6746ef0-8d47-46e5-b2a3-8c98afcf219e	2	514dc9ba-c7e3-4df9-83b0-7c68e1a0f6d1	117805e7-39c2-4c4d-971f-9c6ea9c84552	2026-03-11 08:34:24	2026-03-11 08:34:24
1555f66e-f632-49dc-b832-d086bcfbc3f1	3	514dc9ba-c7e3-4df9-83b0-7c68e1a0f6d1	41964cd9-62a8-4897-b222-a8d6000831da	2026-03-11 08:34:24	2026-03-11 08:34:24
01c238fc-3883-4ef0-a482-557209ff6a9c	4	514dc9ba-c7e3-4df9-83b0-7c68e1a0f6d1	c0b32e2f-2e67-4501-9400-5fea6cc7fa18	2026-03-11 08:34:24	2026-03-11 08:34:24
9b1aa6b2-a9f9-4e40-8772-d6aa7ce777c7	0	8cf43f01-dcad-4919-82a8-36f55ad224e0	1ae11e86-2107-4866-ae12-c51079993f80	2026-03-11 08:34:24	2026-03-11 08:34:24
23ba7a0c-5b8c-469d-9b7f-a76bf2c2aaf9	1	8cf43f01-dcad-4919-82a8-36f55ad224e0	0a80aed5-ff77-4999-b032-fdcd4bf8a2cf	2026-03-11 08:34:24	2026-03-11 08:34:24
4f7a2e67-585f-41e7-aa50-b8958751ffc9	2	8cf43f01-dcad-4919-82a8-36f55ad224e0	789f931d-9a13-417d-a664-f3e8a8f8eb00	2026-03-11 08:34:24	2026-03-11 08:34:24
e5141d2b-4faf-4cf6-86ea-dc2b021e0a90	3	8cf43f01-dcad-4919-82a8-36f55ad224e0	29eecba4-55ba-4548-b301-1975c8c5d6ba	2026-03-11 08:34:24	2026-03-11 08:34:24
749485cc-305c-454a-8b76-8d3a0288245b	4	8cf43f01-dcad-4919-82a8-36f55ad224e0	1a20f626-e85e-428c-b396-1079e4d203dc	2026-03-11 08:34:24	2026-03-11 08:34:24
c02ad7f2-6359-489f-a08b-85c3742a6d82	0	324686dc-b8b2-4163-b2b4-9d6797aacd4e	7200b909-8eb4-4384-acf5-fd5c43db799d	2026-03-11 08:34:24	2026-03-11 08:34:24
97521609-f059-4e3c-bb9d-d404d4002c5d	1	324686dc-b8b2-4163-b2b4-9d6797aacd4e	88041ceb-aea1-4722-9f38-0982aeae26d8	2026-03-11 08:34:24	2026-03-11 08:34:24
28c56a75-1460-4dbe-ad43-ac6c5c172ec0	2	324686dc-b8b2-4163-b2b4-9d6797aacd4e	e2882498-880e-418e-82dc-74c656dd4dbb	2026-03-11 08:34:24	2026-03-11 08:34:24
2ecdb887-3d49-44bb-9bb2-4a5ab668ad14	0	abf95b9a-4c91-471a-a336-b602d94f6861	9fbb98c2-a091-431e-9ca8-11080e4a6d72	2026-03-11 08:34:24	2026-03-11 08:34:24
25720556-6aa2-4f4f-93b3-e94ed49aa290	1	abf95b9a-4c91-471a-a336-b602d94f6861	c7db01bf-3b34-4045-9285-666ae570623f	2026-03-11 08:34:24	2026-03-11 08:34:24
5076270f-d824-49af-bb76-d88b79018292	2	abf95b9a-4c91-471a-a336-b602d94f6861	db193cc1-49c1-45b3-9607-cfe553dd1b23	2026-03-11 08:34:24	2026-03-11 08:34:24
1dc91390-4c29-481f-aa8e-717d7692b365	3	abf95b9a-4c91-471a-a336-b602d94f6861	1b27127c-01cb-4b8a-8546-4c9914ba58a9	2026-03-11 08:34:24	2026-03-11 08:34:24
0794054b-ad9a-4d4b-902d-30c54bddc7b6	0	9baef635-f020-40fe-848c-d69abd0dc7dd	018539d6-b4e3-4fb9-8989-d199d3c10cfa	2026-03-11 08:34:24	2026-03-11 08:34:24
21610a41-50fe-4a22-820d-c5be492e688b	1	9baef635-f020-40fe-848c-d69abd0dc7dd	b61c07f7-22b0-4df3-8f12-abba4216b483	2026-03-11 08:34:24	2026-03-11 08:34:24
540643db-f8c3-4068-ba48-342e6c54699f	2	9baef635-f020-40fe-848c-d69abd0dc7dd	7e861882-8fa6-47ed-a45e-e5df9b0b75db	2026-03-11 08:34:24	2026-03-11 08:34:24
8de493b2-54de-4fcc-91b3-d915b53951a0	3	9baef635-f020-40fe-848c-d69abd0dc7dd	6a37fc37-96eb-487a-b0c7-13b813e8d4d6	2026-03-11 08:34:24	2026-03-11 08:34:24
0e1b3c88-e863-4229-8d32-ae0692eff434	4	9baef635-f020-40fe-848c-d69abd0dc7dd	d0e131b7-c5e2-4e7a-924b-c45b715a9f7c	2026-03-11 08:34:24	2026-03-11 08:34:24
f2f03a9c-fcbf-4d37-b896-266966b78652	0	2a41734c-d7af-41ef-8e9a-5f443ea48b33	a1b2eaca-f045-42cd-946f-7a721392393c	2026-03-11 08:34:24	2026-03-11 08:34:24
7f5a4476-aab2-4206-abf7-3387f37845c8	1	2a41734c-d7af-41ef-8e9a-5f443ea48b33	f4197a2d-8ba6-460a-b0fd-d6952cf7b125	2026-03-11 08:34:24	2026-03-11 08:34:24
2e299e29-1cc0-4b4c-8b66-5d12d198b2bb	2	2a41734c-d7af-41ef-8e9a-5f443ea48b33	e5de5130-e03c-4800-a468-2d2bf8bb7525	2026-03-11 08:34:24	2026-03-11 08:34:24
26af967b-1afe-4824-9e68-0155c7baf3bc	3	2a41734c-d7af-41ef-8e9a-5f443ea48b33	2e7ba300-a8f1-4a97-be7d-c4c605b33a6e	2026-03-11 08:34:24	2026-03-11 08:34:24
a10f2e2b-386f-4008-a58f-e64963c2082f	4	2a41734c-d7af-41ef-8e9a-5f443ea48b33	09109f0c-3468-42f6-aa67-735836a77464	2026-03-11 08:34:24	2026-03-11 08:34:24
16a47ec0-c4e1-4487-9977-6397aa5b4c69	0	f333f082-49c2-49f4-86f5-ecacac1f9810	e22ad5df-eaa2-4af2-887e-d8312e40095e	2026-03-11 08:34:25	2026-03-11 08:34:25
32f0cd46-2ac9-48b8-aac2-03efe5c52a04	1	f333f082-49c2-49f4-86f5-ecacac1f9810	3ad56543-1922-4e1d-a5b5-71046d9802a5	2026-03-11 08:34:25	2026-03-11 08:34:25
57220b1d-ceca-4c8f-b91b-a5c3d90d7e75	2	f333f082-49c2-49f4-86f5-ecacac1f9810	217cb23e-c0ed-4087-8330-775edada2458	2026-03-11 08:34:25	2026-03-11 08:34:25
9744ab7d-ff60-4189-bfd1-2dd1ebdf6819	3	f333f082-49c2-49f4-86f5-ecacac1f9810	750b25fe-216d-43a2-a0fe-a65b6e4a745d	2026-03-11 08:34:25	2026-03-11 08:34:25
e02ec47a-84f1-4122-bd0d-e2f313e7b0a4	0	5c391bb1-bd12-4f08-bbf0-583da4619339	6001511c-6144-483c-a6df-d6c3faf623d6	2026-03-11 08:34:25	2026-03-11 08:34:25
fceb57eb-457e-4321-b62d-2a75248fcd5a	1	5c391bb1-bd12-4f08-bbf0-583da4619339	db193cc1-49c1-45b3-9607-cfe553dd1b23	2026-03-11 08:34:25	2026-03-11 08:34:25
1e12af28-9756-440c-9e5f-1e732aafd8af	2	5c391bb1-bd12-4f08-bbf0-583da4619339	1b27127c-01cb-4b8a-8546-4c9914ba58a9	2026-03-11 08:34:25	2026-03-11 08:34:25
16579424-d6b6-424b-b39d-65bf374f91f0	3	5c391bb1-bd12-4f08-bbf0-583da4619339	e2101652-c8b7-4084-af0f-fdca6be79104	2026-03-11 08:34:25	2026-03-11 08:34:25
6afb9e6c-f420-4c2c-a104-0ddd0778e3af	4	5c391bb1-bd12-4f08-bbf0-583da4619339	7470df64-496c-49de-b280-c7300cf4f5d7	2026-03-11 08:34:25	2026-03-11 08:34:25
4e4f13c7-05d6-49cf-8e0f-d39852dd535c	0	0d8f3bd2-20cf-4ebc-b166-698b560232b8	7025d403-fded-4f31-a1bb-e8166b653919	2026-03-11 08:34:25	2026-03-11 08:34:25
2db89420-12e7-45fb-84ef-65b523300070	1	0d8f3bd2-20cf-4ebc-b166-698b560232b8	f0b166f3-e1a9-4dcd-9fdf-6a0d8efa47db	2026-03-11 08:34:25	2026-03-11 08:34:25
3d79b2b4-10c5-47ad-86af-be37eb1bb6ca	2	0d8f3bd2-20cf-4ebc-b166-698b560232b8	13605ad1-8a6e-4fef-a862-36ddc97f0779	2026-03-11 08:34:25	2026-03-11 08:34:25
73aadbe9-82a5-453b-9818-25e241c53baa	3	0d8f3bd2-20cf-4ebc-b166-698b560232b8	81aa2c3e-0844-48f9-8439-f0131ec4719d	2026-03-11 08:34:25	2026-03-11 08:34:25
96f78298-f3a5-46e9-a18b-ce68a71f0912	4	0d8f3bd2-20cf-4ebc-b166-698b560232b8	8f2b1f8f-4b0b-4eb0-87b5-7def53a1c196	2026-03-11 08:34:25	2026-03-11 08:34:25
e364cc6a-5cef-45e7-825d-a1cde75a73d2	0	1ba9757d-808d-4f27-9742-fdf2a32587b6	58c95b96-71c7-4460-876b-7ec17d4a000a	2026-03-11 08:34:25	2026-03-11 08:34:25
8a5dee9c-26af-4c26-92f9-84ba9b6eba5f	1	1ba9757d-808d-4f27-9742-fdf2a32587b6	6f51e6ec-05e0-4f0b-be80-f8ec561b7e5c	2026-03-11 08:34:25	2026-03-11 08:34:25
ce22d4d1-edbf-4072-b24a-3b8c5089d066	2	1ba9757d-808d-4f27-9742-fdf2a32587b6	9876a005-a546-46b6-bd42-1fa5c2af2504	2026-03-11 08:34:25	2026-03-11 08:34:25
f5f1d3cb-bac9-4e55-bdd2-711634d2609f	3	1ba9757d-808d-4f27-9742-fdf2a32587b6	0c769e7f-48de-482f-b37d-934531e2e2bd	2026-03-11 08:34:25	2026-03-11 08:34:25
70a06c54-591c-44a5-a4b6-884b6155c037	0	e9b5e47a-8548-46da-a802-b537e45aeb10	df223068-96a1-426a-ba67-8a4e9ad57e1a	2026-03-11 08:34:24	2026-03-11 08:34:24
c161d2d3-40a6-4ed2-aa42-99d1056b0da6	1	e9b5e47a-8548-46da-a802-b537e45aeb10	840f86a4-e847-4caa-9cf3-7123d3522c46	2026-03-11 08:34:24	2026-03-11 08:34:24
e296f8e8-defb-41ce-9f9e-d8c5349bf741	2	e9b5e47a-8548-46da-a802-b537e45aeb10	5872b85d-0c57-4b5c-8f12-7c49b52cad90	2026-03-11 08:34:24	2026-03-11 08:34:24
6c216413-98c9-43f5-87c0-be2c605f8462	3	e9b5e47a-8548-46da-a802-b537e45aeb10	e89e3982-0170-49d1-903e-a182b6d05372	2026-03-11 08:34:24	2026-03-11 08:34:24
1eda8314-7d63-4062-beef-baa08a408f3b	4	e9b5e47a-8548-46da-a802-b537e45aeb10	9fc8f808-c42c-4db4-a3a7-b60c453b92cd	2026-03-11 08:34:24	2026-03-11 08:34:24
0ccd8550-f400-41bd-b056-509c8de82a63	0	c055a331-16ef-4fd9-97cb-dfe866443e12	df223068-96a1-426a-ba67-8a4e9ad57e1a	2026-03-11 08:34:24	2026-03-11 08:34:24
9a5f973e-4c44-4f25-9720-b294196f6511	1	c055a331-16ef-4fd9-97cb-dfe866443e12	f450c65b-23ed-418c-9bc1-4296ebbff8c3	2026-03-11 08:34:24	2026-03-11 08:34:24
221263c9-0db8-4970-aac9-7d827c4febd9	2	c055a331-16ef-4fd9-97cb-dfe866443e12	ad059fb9-6f27-47c2-ab6e-185ebad52759	2026-03-11 08:34:24	2026-03-11 08:34:24
7ff51ab9-afa2-4a06-aef5-d08edeb80427	3	c055a331-16ef-4fd9-97cb-dfe866443e12	12857aaf-8a78-4a00-bc0b-5839556990b7	2026-03-11 08:34:24	2026-03-11 08:34:24
9f4e0c7a-4f40-4c09-8681-6855aad55b08	0	5d6dd26b-0372-4a82-abc4-93e1f18b4fd0	fa0a0827-c4fd-42ff-b0be-e3ef696ff24e	2026-03-11 08:34:24	2026-03-11 08:34:24
394762b5-5ecb-4100-9452-3384582030cb	1	5d6dd26b-0372-4a82-abc4-93e1f18b4fd0	26a2889e-a682-4c76-9800-a3b1e9c4f405	2026-03-11 08:34:24	2026-03-11 08:34:24
88f8098f-86ef-4a4d-bc36-b64ddbf02462	2	5d6dd26b-0372-4a82-abc4-93e1f18b4fd0	383dda70-ea0a-4f1a-ab51-7640fa7b477d	2026-03-11 08:34:24	2026-03-11 08:34:24
3b9e2028-f57b-497f-9a2b-7050482b64c8	3	5d6dd26b-0372-4a82-abc4-93e1f18b4fd0	019ee5dd-2aeb-4608-a3ff-04deff95ff6d	2026-03-11 08:34:24	2026-03-11 08:34:24
08ff633a-602a-47ed-9de4-8b40ad4cf2b8	4	5d6dd26b-0372-4a82-abc4-93e1f18b4fd0	0410a0f7-1622-4a3b-b674-199578645c70	2026-03-11 08:34:24	2026-03-11 08:34:24
7f57478a-2421-4e4d-8faf-31ab00301a57	0	b03a654f-2d23-40dc-a60f-f47cb3cbb52c	d450f922-b7b0-417d-a912-b9e66a0c2797	2026-03-11 08:34:24	2026-03-11 08:34:24
e96c692b-c388-4dd1-aee2-bfb5aaf8e702	1	b03a654f-2d23-40dc-a60f-f47cb3cbb52c	5d5d4372-e7fd-4af7-8caf-8ab8bc1e1bbd	2026-03-11 08:34:24	2026-03-11 08:34:24
5e3a8715-3fb3-431c-b21c-0b84f12a8be6	2	b03a654f-2d23-40dc-a60f-f47cb3cbb52c	8c2cfeff-c2a0-4e13-8d00-201d163d2810	2026-03-11 08:34:24	2026-03-11 08:34:24
6a05d10f-64a2-4c8c-b543-8da0693fc34f	3	b03a654f-2d23-40dc-a60f-f47cb3cbb52c	d4d4d7ec-7a15-417a-8038-ca4dbbd8a4d2	2026-03-11 08:34:24	2026-03-11 08:34:24
167e5743-6683-43bd-b795-4a67b2156f0f	0	281a3a41-97dc-420b-aa97-369b1af526e4	93e24fe1-36a1-4f29-9522-e7b85722923b	2026-03-11 08:34:24	2026-03-11 08:34:24
fdc77948-b8aa-4cd0-b732-419fbd5144a4	1	281a3a41-97dc-420b-aa97-369b1af526e4	15e5fec2-0d67-4472-937d-34c00bbe11ca	2026-03-11 08:34:24	2026-03-11 08:34:24
4e1aca25-7521-4a90-bd02-52a2b3c73fc9	2	281a3a41-97dc-420b-aa97-369b1af526e4	659500ed-f665-48d7-a1fc-b884416a0b35	2026-03-11 08:34:24	2026-03-11 08:34:24
d5ac1c40-cbd9-4990-bbd0-36e506597325	3	281a3a41-97dc-420b-aa97-369b1af526e4	6101cdc4-c64e-41ff-9005-19f2276f58e7	2026-03-11 08:34:24	2026-03-11 08:34:24
a8d47efd-0304-4bfc-953c-17d9c5a3640b	4	281a3a41-97dc-420b-aa97-369b1af526e4	120e01d4-de44-40d5-9c0a-1e7eea3f3b93	2026-03-11 08:34:24	2026-03-11 08:34:24
829a3691-7c0d-43e1-97a5-138f0684e604	0	1c85ccfe-36e8-4c8f-b3e1-131cf7e2bb30	36857925-808b-4d53-9bb6-d17890dbcc81	2026-03-11 08:34:24	2026-03-11 08:34:24
096eba83-434d-499f-8001-6204ef0c7606	1	1c85ccfe-36e8-4c8f-b3e1-131cf7e2bb30	24a2b8be-9c7b-47ad-a1fd-0f1767cde9b3	2026-03-11 08:34:24	2026-03-11 08:34:24
9d2bf994-2a66-421b-b984-3d6ac2e3064b	2	1c85ccfe-36e8-4c8f-b3e1-131cf7e2bb30	e344dc67-f755-4776-b3b5-1c265696300a	2026-03-11 08:34:24	2026-03-11 08:34:24
0358be92-de3d-4237-bfed-4505852ce5cb	3	1c85ccfe-36e8-4c8f-b3e1-131cf7e2bb30	e014c037-c750-46ca-bbc3-61953957c411	2026-03-11 08:34:24	2026-03-11 08:34:24
7abf31ce-f089-45a2-8f92-dd4f2d950373	4	1c85ccfe-36e8-4c8f-b3e1-131cf7e2bb30	cff5963c-fb73-4566-a554-cca0fb6c649c	2026-03-11 08:34:24	2026-03-11 08:34:24
eaafb865-cf17-4d8d-9f6c-9f446b4b5d89	0	19d5b115-1ae5-4b91-9c72-bd5d88933b57	b5ed4be1-8bcb-4624-9f7e-7c4c22b81587	2026-03-11 08:34:24	2026-03-11 08:34:24
6f981cb3-49b5-46fe-8b91-b7cd18d78dac	1	19d5b115-1ae5-4b91-9c72-bd5d88933b57	5b1bee53-6548-4e28-8e8d-39dec5a28a9e	2026-03-11 08:34:24	2026-03-11 08:34:24
8ea54e5f-6901-4c3e-ae4f-6141bf0b1dc5	2	19d5b115-1ae5-4b91-9c72-bd5d88933b57	ce9ba9ea-3d75-4fd6-a62e-2c2239ffb86c	2026-03-11 08:34:24	2026-03-11 08:34:24
f2913798-4efb-44d0-b6cf-f24da45b1da0	3	19d5b115-1ae5-4b91-9c72-bd5d88933b57	54459424-8f3b-453c-8e87-4c5efea1a745	2026-03-11 08:34:24	2026-03-11 08:34:24
10dea4a3-ee33-45ed-9039-f525424565b8	4	19d5b115-1ae5-4b91-9c72-bd5d88933b57	2d080d43-8c23-45fe-954e-86d53d031c5e	2026-03-11 08:34:24	2026-03-11 08:34:24
d0447eee-40e1-4f5b-b884-fb109473d558	0	dac64e53-559b-4fc8-b79c-03c9b10f488c	df15b700-4e35-46bb-981e-4882d72ca22c	2026-03-11 08:34:25	2026-03-11 08:34:25
b1bb3b53-5497-47f0-afb8-be751270d689	1	dac64e53-559b-4fc8-b79c-03c9b10f488c	d39c9c34-883f-4408-aad6-65bb47551ac9	2026-03-11 08:34:25	2026-03-11 08:34:25
e358e05c-ded5-4def-85e7-f46cf09d8aee	2	dac64e53-559b-4fc8-b79c-03c9b10f488c	adf574b7-f7aa-4f36-b0b3-5d956e54ec40	2026-03-11 08:34:25	2026-03-11 08:34:25
8c8df988-f283-4cf6-a67b-9e8a2b6e5d1e	3	dac64e53-559b-4fc8-b79c-03c9b10f488c	e31a9181-44d3-4744-818e-c4ca3ec86bde	2026-03-11 08:34:25	2026-03-11 08:34:25
c5c42d25-dc39-43a2-b148-c0f810be9edc	4	dac64e53-559b-4fc8-b79c-03c9b10f488c	f23df13b-7988-4d85-9a68-40eb44aac3ed	2026-03-11 08:34:25	2026-03-11 08:34:25
baa2d410-52d3-465c-98e6-4668f69fdbe7	0	c5c5b5ec-127d-4cf9-8ec8-c24d2c3202c3	f6e66816-9f3d-4ec9-8a72-28a98dfa1b01	2026-03-11 08:34:25	2026-03-11 08:34:25
cedbbac7-3736-40f2-9f77-7c027e203b96	1	c5c5b5ec-127d-4cf9-8ec8-c24d2c3202c3	2fab4372-d2e1-4ccb-931c-1aff87fcb665	2026-03-11 08:34:25	2026-03-11 08:34:25
ce8d4e4d-1493-4580-95f4-34ebcc46f30b	2	c5c5b5ec-127d-4cf9-8ec8-c24d2c3202c3	7260b986-f0e9-4ba9-81f0-829f449ef3bc	2026-03-11 08:34:25	2026-03-11 08:34:25
4f806ed7-3240-4f02-97a1-57eaa8fce8a0	3	c5c5b5ec-127d-4cf9-8ec8-c24d2c3202c3	5169e38b-a9e0-4d43-963c-9a3b0cbad52b	2026-03-11 08:34:25	2026-03-11 08:34:25
c72a6d0a-68d2-4938-91a7-99610537f672	4	c5c5b5ec-127d-4cf9-8ec8-c24d2c3202c3	18859cfe-d14a-4681-8d86-9ef8426e2c16	2026-03-11 08:34:25	2026-03-11 08:34:25
5b8b7bd4-c4a3-4c01-8c06-e64b1a783a77	0	c0677fc2-ca95-40ab-a4fc-f8212e305cf2	ce4b6668-61da-4432-95df-b61098f0e095	2026-03-11 08:34:25	2026-03-11 08:34:25
cd596dc1-f15f-4a4d-a3fe-99896d3498f3	1	c0677fc2-ca95-40ab-a4fc-f8212e305cf2	941b2f51-978a-4221-b37d-7231a20bedcb	2026-03-11 08:34:25	2026-03-11 08:34:25
8ccb8c83-22d6-449d-aaed-9300a8504af6	2	c0677fc2-ca95-40ab-a4fc-f8212e305cf2	9b626ea9-06d1-4377-83dd-654e76f9d584	2026-03-11 08:34:25	2026-03-11 08:34:25
4ea6a7aa-ddc1-41c2-acd2-d590b52ff0d1	3	c0677fc2-ca95-40ab-a4fc-f8212e305cf2	fbc5dca0-1de8-40ea-9abf-bdaed6563a5f	2026-03-11 08:34:25	2026-03-11 08:34:25
45265cc6-94f8-4029-8a05-e32d5970d419	0	6ec68497-907a-4200-a254-e4f5e849a659	13b91173-c319-4f40-b9b4-70747265a1e4	2026-03-11 08:34:25	2026-03-11 08:34:25
0b17a00b-4b93-4d9f-a63a-6e9143e16741	1	6ec68497-907a-4200-a254-e4f5e849a659	c73456b3-82ba-4b7a-a725-e8803b20dc36	2026-03-11 08:34:25	2026-03-11 08:34:25
ba00d009-fa89-46c8-adee-2d5bc749966c	2	6ec68497-907a-4200-a254-e4f5e849a659	ba46f629-423e-44ea-8afb-48704ffeb0fe	2026-03-11 08:34:25	2026-03-11 08:34:25
335865e0-6e3d-4462-a514-8d5ed132d6ba	0	2c128343-0104-470f-bfac-425446a2e9dd	d959a32f-bb65-471e-a639-75f2c502206a	2026-03-11 08:34:24	2026-03-11 08:34:24
980865cc-a332-4b7c-96a2-79850a407313	1	2c128343-0104-470f-bfac-425446a2e9dd	0d6c5b2f-42c7-49e0-9133-2f6868ee3b4c	2026-03-11 08:34:24	2026-03-11 08:34:24
f7acb08a-48c3-4a4d-9517-3ec5e2ef7905	2	2c128343-0104-470f-bfac-425446a2e9dd	42b1215d-4d1f-468a-a349-1d02b9643b4c	2026-03-11 08:34:24	2026-03-11 08:34:24
f6cf42a8-b5e1-44a1-a0a2-76ce3a37cdc7	3	2c128343-0104-470f-bfac-425446a2e9dd	672d17b5-db62-420d-a7ff-697e2e059d58	2026-03-11 08:34:24	2026-03-11 08:34:24
94ebc348-0f6e-4a33-8d3c-fc37b01cd977	4	2c128343-0104-470f-bfac-425446a2e9dd	3b022c94-0d23-4ceb-bb16-f459c83d2b5e	2026-03-11 08:34:24	2026-03-11 08:34:24
1a7d2724-b64b-43b0-8b33-fc4fa14f88eb	0	d3d7e568-f9c2-47b1-8ee6-51927eb73c3c	8df3408b-56f8-4745-89cf-4d0bcd64fa64	2026-03-11 08:34:24	2026-03-11 08:34:24
fb2693d7-8752-48cc-b3fc-e6652c9c9a0e	1	d3d7e568-f9c2-47b1-8ee6-51927eb73c3c	ef22e378-3b3a-44de-a34d-06510ddbd2de	2026-03-11 08:34:24	2026-03-11 08:34:24
0af30d16-91ee-473d-91c8-f053158e91a1	2	d3d7e568-f9c2-47b1-8ee6-51927eb73c3c	9667d853-4322-4d9a-9c63-0c8a296f50a3	2026-03-11 08:34:24	2026-03-11 08:34:24
3365fa60-66a7-4a4e-9c8d-fe7bac67c4c0	3	d3d7e568-f9c2-47b1-8ee6-51927eb73c3c	4f7b5901-b556-4722-af87-41c714660840	2026-03-11 08:34:24	2026-03-11 08:34:24
27921ed6-39bc-4bfb-9282-02d3d016c955	4	d3d7e568-f9c2-47b1-8ee6-51927eb73c3c	eda77f09-74c8-48dd-bd7f-ed03edd8fe38	2026-03-11 08:34:24	2026-03-11 08:34:24
552d9506-49d3-4010-a68b-67c0066052fa	0	d8243847-5058-4a36-be22-3fd34538256f	cb44c5b7-9c8f-4a42-862e-cdb7c46a1694	2026-03-11 08:34:24	2026-03-11 08:34:24
d54a387f-386d-44b2-9dfb-dede4a9d0650	1	d8243847-5058-4a36-be22-3fd34538256f	509cb363-6613-4445-88ca-cca29e3edce7	2026-03-11 08:34:24	2026-03-11 08:34:24
52b93cf5-4e46-45b9-8386-756c4028e920	2	d8243847-5058-4a36-be22-3fd34538256f	017d088c-ab45-4598-b18f-31b239c8f7bf	2026-03-11 08:34:24	2026-03-11 08:34:24
bb5a3f8d-6b23-4169-9922-036458f91396	3	d8243847-5058-4a36-be22-3fd34538256f	4af18169-8dc6-4817-865f-f15c1448d63f	2026-03-11 08:34:24	2026-03-11 08:34:24
f00250d7-c6a5-4399-b1f7-c582bf2dd4c8	4	d8243847-5058-4a36-be22-3fd34538256f	539b6d44-6ba2-406e-9686-63d4c6e8d29e	2026-03-11 08:34:24	2026-03-11 08:34:24
5e12b84a-a6a1-4684-96b4-dfedc2116cf9	0	7c305fa3-fee2-4419-ad8b-c13818e18c33	29c4d411-65cb-4e50-8cb7-64c2b07d91d2	2026-03-11 08:34:24	2026-03-11 08:34:24
857b8324-a883-4f80-a1be-cd803bf24054	1	7c305fa3-fee2-4419-ad8b-c13818e18c33	017d088c-ab45-4598-b18f-31b239c8f7bf	2026-03-11 08:34:24	2026-03-11 08:34:24
153dd961-3359-48a9-b020-a558073a268a	2	7c305fa3-fee2-4419-ad8b-c13818e18c33	eda77f09-74c8-48dd-bd7f-ed03edd8fe38	2026-03-11 08:34:24	2026-03-11 08:34:24
c64f55cb-bda7-462e-a3d9-2a2261645ed5	3	7c305fa3-fee2-4419-ad8b-c13818e18c33	62e86439-120c-4bef-b991-4c6c81de7a77	2026-03-11 08:34:24	2026-03-11 08:34:24
354b0947-3fd1-4448-b097-37c43cbbc8b8	0	0ba3bf2a-8e3d-426a-a0c6-d86eae29de24	0a758c42-4a20-4a4c-9563-1a5a3a7927c2	2026-03-11 08:34:25	2026-03-11 08:34:25
585beb0d-91d1-4540-9ac1-7fd9a99d347d	1	0ba3bf2a-8e3d-426a-a0c6-d86eae29de24	4dc16c41-cac5-4f34-9816-513135aaf682	2026-03-11 08:34:25	2026-03-11 08:34:25
58d64d7a-cfa7-4585-9c40-d6a754a82dcb	2	0ba3bf2a-8e3d-426a-a0c6-d86eae29de24	ecb4e36a-d2d2-4905-ad2a-8d04f00e3002	2026-03-11 08:34:25	2026-03-11 08:34:25
63dd7558-e780-4a60-bbb1-6ac97e4ce0c3	3	0ba3bf2a-8e3d-426a-a0c6-d86eae29de24	04614669-cfc6-43bc-a52e-82ef95bba0c6	2026-03-11 08:34:25	2026-03-11 08:34:25
411b63a3-425f-496a-94c7-da302bb22f43	4	0ba3bf2a-8e3d-426a-a0c6-d86eae29de24	f13a6753-e7d9-4f66-8861-7faf2e79f0f9	2026-03-11 08:34:25	2026-03-11 08:34:25
aec916ae-081d-4d62-90cc-7587f31b44dd	0	4096cfda-c7cf-4766-ab83-e7f6490c2f13	a1f04cf3-7aed-4af8-914e-12ebcd763390	2026-03-11 08:34:25	2026-03-11 08:34:25
9708a802-438e-41d5-81d6-ea9b10ea695e	1	4096cfda-c7cf-4766-ab83-e7f6490c2f13	8cf10d3a-9bf6-4474-910c-66b24bef2f0d	2026-03-11 08:34:25	2026-03-11 08:34:25
d1eb1842-76d3-4d12-b76d-2087ea70a486	2	4096cfda-c7cf-4766-ab83-e7f6490c2f13	a49a383e-2965-415e-a8b2-4e7f8f432e3b	2026-03-11 08:34:25	2026-03-11 08:34:25
1ea0d324-abdc-47a7-9e1f-9a064422699a	3	4096cfda-c7cf-4766-ab83-e7f6490c2f13	a51291a9-515d-4803-aa1c-55368ec7a5a4	2026-03-11 08:34:25	2026-03-11 08:34:25
373deeac-0caa-4a81-80c6-affe76c8fbab	4	4096cfda-c7cf-4766-ab83-e7f6490c2f13	238e5e11-c032-4644-a885-2720de365a15	2026-03-11 08:34:25	2026-03-11 08:34:25
2007c540-6fbb-4cee-bb70-3b46b8096cd4	0	c7351793-2265-4905-bb40-f2749cd466a8	9e96165d-6b8f-4c65-b660-26079fa505c6	2026-03-11 08:34:25	2026-03-11 08:34:25
b0380efc-0500-41de-bcca-6e1376f7443d	1	c7351793-2265-4905-bb40-f2749cd466a8	c13088f5-bb4e-4df8-a679-f722fcd0c851	2026-03-11 08:34:25	2026-03-11 08:34:25
342804b3-fefe-451b-ad55-64954b9c4c91	2	c7351793-2265-4905-bb40-f2749cd466a8	5ad16034-6579-4bfe-a49c-7629e808ee25	2026-03-11 08:34:25	2026-03-11 08:34:25
d623239d-95a4-4e09-a919-d9bca81b60aa	3	c7351793-2265-4905-bb40-f2749cd466a8	38268e03-6036-4883-adcb-3d3d301cfca7	2026-03-11 08:34:25	2026-03-11 08:34:25
e5fc3772-a6e5-4e5d-aa4d-cb2b2b9a4d4c	4	c7351793-2265-4905-bb40-f2749cd466a8	006f5d8d-c2e3-4410-bbc0-3e74e51a4611	2026-03-11 08:34:25	2026-03-11 08:34:25
8b4ca817-39ec-4cbe-a1c0-93dd286324f1	0	c9a8f833-30bd-4f30-b5bb-a18af950e903	bd89f1b8-ef55-4459-97ac-f9c8c9312e45	2026-03-11 08:34:25	2026-03-11 08:34:25
bccdbcb6-e5aa-4b38-a545-f632a997f559	1	c9a8f833-30bd-4f30-b5bb-a18af950e903	13fc652d-367f-4d25-8090-2cb84a7a8eec	2026-03-11 08:34:25	2026-03-11 08:34:25
6f7cb4b6-9a00-4a36-a884-97fa3f0571bc	2	c9a8f833-30bd-4f30-b5bb-a18af950e903	3d00b7b6-9f6e-4018-b247-21b63eabffba	2026-03-11 08:34:25	2026-03-11 08:34:25
0a2da230-732f-4e1f-9ddb-819fd9821c50	3	c9a8f833-30bd-4f30-b5bb-a18af950e903	2362a305-ded4-4fa9-b3f8-c16da1c8239f	2026-03-11 08:34:25	2026-03-11 08:34:25
6bd0c199-f849-4225-bab8-91f3eaa0074d	4	c9a8f833-30bd-4f30-b5bb-a18af950e903	7a6ea4a2-732c-4c51-adc5-858885deb0a5	2026-03-11 08:34:25	2026-03-11 08:34:25
1539dbee-8d15-4e04-a6bf-475bdf7a6a86	0	323ab094-0582-47c6-97ac-bf586814b7eb	ffab7f6f-e2cb-459a-8aa8-516d100765a1	2026-03-11 08:34:26	2026-03-11 08:34:26
25682b19-f617-46fd-94d1-8abda4b25747	1	323ab094-0582-47c6-97ac-bf586814b7eb	73d50393-dea2-495d-af09-ed8b662d4e5e	2026-03-11 08:34:26	2026-03-11 08:34:26
0bcc2cda-886e-47c0-9cf7-39a83837a577	2	323ab094-0582-47c6-97ac-bf586814b7eb	77530be1-2ff4-486d-a394-1074b18f9ecf	2026-03-11 08:34:26	2026-03-11 08:34:26
7a9c56e6-b1f7-419e-94a7-bfb29a9779da	3	323ab094-0582-47c6-97ac-bf586814b7eb	4dd89029-f763-44c2-ba73-766b3f6d7442	2026-03-11 08:34:26	2026-03-11 08:34:26
d74a326f-5f51-4239-945e-63ccfd8edecc	4	323ab094-0582-47c6-97ac-bf586814b7eb	87151711-3fa6-4bb5-a5bc-385103c9810b	2026-03-11 08:34:26	2026-03-11 08:34:26
9b2a6810-e109-4690-a75c-6bedc1248f2d	0	690cbbf8-2306-4bef-8ffd-be43b137e972	c70bb48a-3011-459a-9069-cbc033615660	2026-03-11 08:34:26	2026-03-11 08:34:26
17fae399-640f-415a-90a7-12d8f4fea3b1	1	690cbbf8-2306-4bef-8ffd-be43b137e972	abef5bc3-cb30-47c5-b835-82f75584108c	2026-03-11 08:34:26	2026-03-11 08:34:26
21e67a89-c4e2-458e-a33e-8ca5d5eb64b6	2	690cbbf8-2306-4bef-8ffd-be43b137e972	90501fea-111e-4653-8da4-b3ce5b8cf677	2026-03-11 08:34:26	2026-03-11 08:34:26
cd070798-838d-4746-a83c-c2504e249594	3	690cbbf8-2306-4bef-8ffd-be43b137e972	79be4633-8f21-454a-96b1-031a583924a2	2026-03-11 08:34:26	2026-03-11 08:34:26
e705e9f6-5944-43e7-b3cc-b48275e3da78	4	690cbbf8-2306-4bef-8ffd-be43b137e972	424d2647-1748-410d-855b-1dcbd3fe19bf	2026-03-11 08:34:26	2026-03-11 08:34:26
600e633f-f684-475e-a4ff-83c59dcb8efd	0	f3b0a7fd-8adf-47be-81e6-d67c609ee49a	ba354ac1-34b9-4cdf-ac0f-56f2ac176dee	2026-03-11 08:34:28	2026-03-11 08:34:28
bd0b2d9d-bcfe-4df8-8dcb-e31b92f9128a	1	f3b0a7fd-8adf-47be-81e6-d67c609ee49a	42df9020-2470-4ad0-9075-9398e09f636b	2026-03-11 08:34:28	2026-03-11 08:34:28
ed35b56a-e36c-4bf1-b330-4e3196a1e5e6	2	f3b0a7fd-8adf-47be-81e6-d67c609ee49a	5fc135dd-6feb-4751-baf4-197323b34c05	2026-03-11 08:34:28	2026-03-11 08:34:28
69da79cd-e3ed-45e2-8ba6-5c690f8d69db	3	f3b0a7fd-8adf-47be-81e6-d67c609ee49a	1f595309-9d8f-41b8-8771-2f6d5ff1e810	2026-03-11 08:34:28	2026-03-11 08:34:28
4e27646d-facc-4386-966f-ab656f1f929d	4	f3b0a7fd-8adf-47be-81e6-d67c609ee49a	0c27a893-709b-44bc-900e-3a9bd5e2a552	2026-03-11 08:34:28	2026-03-11 08:34:28
4778e3c0-b89d-471e-8635-76b6daaf9fdb	0	a3c89139-e83a-4c55-8c6a-65ad244faf96	a105ba6b-cf4c-4077-8a23-08e0004de4a8	2026-03-11 08:34:29	2026-03-11 08:34:29
66894ac2-2364-4e1d-919d-7119699d2b08	1	a3c89139-e83a-4c55-8c6a-65ad244faf96	36647573-3613-4647-8645-d58110133f93	2026-03-11 08:34:29	2026-03-11 08:34:29
3517f978-16a6-4fac-b953-188f43c2bb4b	2	a3c89139-e83a-4c55-8c6a-65ad244faf96	dce5813d-9cee-42c0-a5ac-41a49d42e9cf	2026-03-11 08:34:29	2026-03-11 08:34:29
19c6bcbb-49a0-422e-b68b-241a1ede9044	3	a3c89139-e83a-4c55-8c6a-65ad244faf96	a3fefe95-8d0d-47d6-8c9f-c3b5b96e75cf	2026-03-11 08:34:29	2026-03-11 08:34:29
cb70dc26-a4c3-4731-9a97-28b7e2c9e67c	4	a3c89139-e83a-4c55-8c6a-65ad244faf96	419d4808-5d5c-4c94-9ad7-3276737aca1d	2026-03-11 08:34:29	2026-03-11 08:34:29
ef58a0bf-bb8b-44b6-a850-cec9d0fdbd4f	0	1bf74661-0cea-43d7-9024-06da5078dba6	25947ceb-36b0-4a84-808c-352201c060e3	2026-03-11 08:34:29	2026-03-11 08:34:29
8dec581b-d815-436d-887b-af353a6ad2e8	1	1bf74661-0cea-43d7-9024-06da5078dba6	2a133a4f-f950-447d-afb6-9d1351a7d6c0	2026-03-11 08:34:29	2026-03-11 08:34:29
a488a69a-0472-4191-b2ac-74e738ce7240	2	1bf74661-0cea-43d7-9024-06da5078dba6	bf53a6e5-588d-4175-abb4-0d3a633e89f0	2026-03-11 08:34:29	2026-03-11 08:34:29
7e8286ae-b263-423b-a524-b7e7b5db13a4	3	1bf74661-0cea-43d7-9024-06da5078dba6	a16d52ef-841c-4e32-9056-14a02b24c8f2	2026-03-11 08:34:29	2026-03-11 08:34:29
2e1ac07e-8f9c-4727-9ecb-7eacea699c5a	4	1bf74661-0cea-43d7-9024-06da5078dba6	1630faa7-6491-4087-8647-4d3239866107	2026-03-11 08:34:29	2026-03-11 08:34:29
c3605cba-157b-4211-98e0-ca5888f29074	4	793a1b90-c6a5-42ff-b171-e7454444f540	71417e29-5f51-4a20-b00b-f34ba6c0baf1	2026-03-11 08:34:26	2026-03-11 08:34:26
e918793f-3480-40df-8e68-eef5ed9fa790	0	1c41f817-98dc-436f-844c-3aa39741c4d3	3a0361a4-c221-4946-988f-3b9b4cbaccfc	2026-03-11 08:34:26	2026-03-11 08:34:26
c4f68336-6978-4628-8589-2ceecb397d37	1	1c41f817-98dc-436f-844c-3aa39741c4d3	7f3e9a98-61f4-4509-93c2-1df06ee6bf68	2026-03-11 08:34:26	2026-03-11 08:34:26
ef3e0567-86b1-4414-892c-26108eea09bb	2	1c41f817-98dc-436f-844c-3aa39741c4d3	a4fa2fdf-6dc9-412f-8df5-4c3af12e41af	2026-03-11 08:34:26	2026-03-11 08:34:26
95de81ad-93fe-45fb-9030-9a709d0b26ef	3	1c41f817-98dc-436f-844c-3aa39741c4d3	ab8b3ab7-da8b-4c04-b44e-884ff7e25d90	2026-03-11 08:34:26	2026-03-11 08:34:26
6a7e5562-1a6b-4dc7-9b3a-c5bf45562239	4	1c41f817-98dc-436f-844c-3aa39741c4d3	31368f80-ccc3-4a89-aaa6-eebb81738691	2026-03-11 08:34:26	2026-03-11 08:34:26
741ca2a2-8ea4-4e2a-9fea-ef5b5be8c6e7	0	489871ce-bd21-4230-8622-b1428e465add	55dcf1b1-9de2-4a63-9cfd-e85b2823fa0c	2026-03-11 08:34:26	2026-03-11 08:34:26
0c858c39-8698-442e-8b66-019252e20760	1	489871ce-bd21-4230-8622-b1428e465add	05e60ae6-090d-4132-9b56-89eb878bc0c7	2026-03-11 08:34:26	2026-03-11 08:34:26
6a7fa6e2-1254-496c-b58d-31b44631beb0	2	489871ce-bd21-4230-8622-b1428e465add	aff12136-fd06-4da6-ba14-7acfa87e6f1e	2026-03-11 08:34:26	2026-03-11 08:34:26
2ce1a193-6833-470f-a20f-9dfef332d7a2	3	489871ce-bd21-4230-8622-b1428e465add	a1f31a67-4e5d-4351-a88b-add5a2a91a3f	2026-03-11 08:34:26	2026-03-11 08:34:26
4b1fb847-25a7-4650-8239-0ce4bd7f567c	4	489871ce-bd21-4230-8622-b1428e465add	e1797bc2-8268-4a94-9125-950e387dcb5e	2026-03-11 08:34:26	2026-03-11 08:34:26
594e6a7a-6588-411c-8edf-9327b23c66c2	0	53d26499-d52e-4964-ac3c-5d4d2eeb9c0f	720deaf3-f113-4af4-905b-c69bddb40052	2026-03-11 08:34:26	2026-03-11 08:34:26
a84dc812-6f4f-427f-be76-24bf4b28e44a	1	53d26499-d52e-4964-ac3c-5d4d2eeb9c0f	029ea23e-cf20-497e-a67a-9c874681c8ef	2026-03-11 08:34:26	2026-03-11 08:34:26
148c1034-8127-461b-a625-54cdded42821	2	53d26499-d52e-4964-ac3c-5d4d2eeb9c0f	6b85cf6a-215d-41bd-bda0-1192d8285d5a	2026-03-11 08:34:26	2026-03-11 08:34:26
39ffb101-b501-4685-8edb-e08501957057	3	53d26499-d52e-4964-ac3c-5d4d2eeb9c0f	fccf0477-f65a-4024-844b-bb1d967049f0	2026-03-11 08:34:26	2026-03-11 08:34:26
797df165-0796-428c-ae10-e40fe6597337	0	950cfd85-4a69-44b6-a98d-e46084da028a	361cb90c-cbdd-47ca-b000-d9613de314e4	2026-03-11 08:34:28	2026-03-11 08:34:28
ef64b33c-fc52-4470-ab8b-fd81a1281948	1	950cfd85-4a69-44b6-a98d-e46084da028a	19a8c75b-9a34-47c1-a8cb-2d138295cbb5	2026-03-11 08:34:28	2026-03-11 08:34:28
b089c100-b004-4def-b2ec-27c618320964	2	950cfd85-4a69-44b6-a98d-e46084da028a	11788657-2d93-49b1-bb49-ce03a56bc123	2026-03-11 08:34:28	2026-03-11 08:34:28
2b8b79d8-45da-4050-8f2c-31759fe1cc89	3	950cfd85-4a69-44b6-a98d-e46084da028a	9cc23d7d-d782-4548-9646-e59777efe34a	2026-03-11 08:34:28	2026-03-11 08:34:28
71f813da-9aeb-4018-b3a4-83041dfee144	4	950cfd85-4a69-44b6-a98d-e46084da028a	e91cd3bb-7616-4bde-87b2-4f0d09f02418	2026-03-11 08:34:28	2026-03-11 08:34:28
10f13fef-b90f-4c84-83e9-ac1dbf0c50fa	0	1356dd16-4da1-47c0-a18e-2ada311f963c	175af13c-f2dd-4f0a-8f50-e09b98ebcc0b	2026-03-11 08:34:28	2026-03-11 08:34:28
4c6bd1ef-ad70-49de-a902-8c9764e34601	1	1356dd16-4da1-47c0-a18e-2ada311f963c	6d1e435c-8d1d-4840-a2ad-2ef14f50fc79	2026-03-11 08:34:28	2026-03-11 08:34:28
0e762896-8d32-4af0-87f6-e09c38afe7fb	2	1356dd16-4da1-47c0-a18e-2ada311f963c	f440513c-7b7b-4a0c-9c1e-ce8610f51bc5	2026-03-11 08:34:28	2026-03-11 08:34:28
7493aaac-17e1-4221-ae44-8381e9638b3c	3	1356dd16-4da1-47c0-a18e-2ada311f963c	17f3a772-c707-4cc7-b3ea-14f829eb7827	2026-03-11 08:34:28	2026-03-11 08:34:28
712ba0c2-fa68-4d77-b513-14526e59d0e6	4	1356dd16-4da1-47c0-a18e-2ada311f963c	e7f78b1e-c875-4673-83f1-3ab6b383efaa	2026-03-11 08:34:28	2026-03-11 08:34:28
2047afbc-5dfe-475a-8514-6ea0773cfd8c	0	5aa62f99-340f-4367-a18e-7461f57f3cac	430164a5-751a-43cb-b8d2-61369256cf5a	2026-03-11 08:34:28	2026-03-11 08:34:28
6ed6b822-6412-4702-b84f-ff6ed0568dca	1	5aa62f99-340f-4367-a18e-7461f57f3cac	ce9159e9-d996-46fa-a80a-7cd1081998e5	2026-03-11 08:34:28	2026-03-11 08:34:28
5a34b24c-c185-487c-85da-032631f1075c	2	5aa62f99-340f-4367-a18e-7461f57f3cac	24e7fa76-a3d9-46b5-b0a1-70b8433449bb	2026-03-11 08:34:28	2026-03-11 08:34:28
c4bbc885-6b9f-4cab-988a-7b255f50afc3	3	5aa62f99-340f-4367-a18e-7461f57f3cac	f0ba4c01-2ffa-4b13-98e4-356abf576add	2026-03-11 08:34:28	2026-03-11 08:34:28
fb012346-bd51-4b3e-abe6-f39fdac7d527	4	5aa62f99-340f-4367-a18e-7461f57f3cac	0b5e77b4-3606-41da-8fd6-87818ce751ea	2026-03-11 08:34:28	2026-03-11 08:34:28
a2343388-00fe-4c58-885b-0be4f5bd89bd	0	debc8d5d-de4d-47dd-98f7-3d269f3325f7	69e1da3b-8740-42f8-a070-3b1252cf11af	2026-03-11 08:34:29	2026-03-11 08:34:29
b8e7f359-7ce4-45e2-a90e-06b8e5e1e0a8	1	debc8d5d-de4d-47dd-98f7-3d269f3325f7	5b9fdd1c-bcc6-4514-8e76-55b7735f1a30	2026-03-11 08:34:29	2026-03-11 08:34:29
99dd0c73-20c6-4b43-9107-e32577269608	2	debc8d5d-de4d-47dd-98f7-3d269f3325f7	4fb73ec0-d1a9-455f-9701-8e43af7ca0da	2026-03-11 08:34:29	2026-03-11 08:34:29
5ddfcdae-e1c8-45c2-8cfe-229ee44f5743	3	debc8d5d-de4d-47dd-98f7-3d269f3325f7	dab664c1-3169-4dae-93f9-5d82c7b19e5c	2026-03-11 08:34:29	2026-03-11 08:34:29
a9c6a41e-da56-4a60-b26a-fe2057f29b74	4	debc8d5d-de4d-47dd-98f7-3d269f3325f7	83857f23-beac-4b10-9974-4833a2f7510e	2026-03-11 08:34:29	2026-03-11 08:34:29
13cfdfa8-f0fd-4925-8c7a-1a728eb980b6	0	68745a5e-b0cd-440a-947a-3449d2fafcd4	3239b688-2137-463d-aad7-ff578d22add2	2026-03-11 08:34:26	2026-03-11 08:34:26
c054811b-4443-496e-859a-eb60469d4149	1	68745a5e-b0cd-440a-947a-3449d2fafcd4	1ab4faca-91df-4f52-a38f-84e42ae44964	2026-03-11 08:34:26	2026-03-11 08:34:26
dd9edc71-2113-4e3d-9d33-3936871b9669	2	68745a5e-b0cd-440a-947a-3449d2fafcd4	1f38e85d-7281-419b-abb3-18a0e1335d82	2026-03-11 08:34:26	2026-03-11 08:34:26
b176435b-cca1-4ef7-bb39-2aff316a1504	0	07ba727e-c0f8-4437-97d6-e8d9c9cd9a8e	feec0af0-1970-4890-a56c-80d9ac0b76b9	2026-03-11 08:34:26	2026-03-11 08:34:26
f22022be-c43b-4b8a-a01c-db0677cb41dd	1	07ba727e-c0f8-4437-97d6-e8d9c9cd9a8e	99319c3d-5eb2-484b-ad47-38f38500cb5d	2026-03-11 08:34:26	2026-03-11 08:34:26
2b742566-6fdf-4456-ab06-1dc69863586e	2	07ba727e-c0f8-4437-97d6-e8d9c9cd9a8e	6a94f4e5-841d-4372-96fb-36ff316850f1	2026-03-11 08:34:26	2026-03-11 08:34:26
618b9fe8-9154-4429-8dee-09523c62e9f8	0	576180b7-e7d4-4488-892b-16ea98505626	dbc46a40-bb4e-4151-b7e8-795330104d43	2026-03-11 08:34:26	2026-03-11 08:34:26
bfac964e-e714-4dff-b022-6207c85ecb6c	1	576180b7-e7d4-4488-892b-16ea98505626	4015a8de-87e7-4c69-8e6d-e6c0ffdb869c	2026-03-11 08:34:26	2026-03-11 08:34:26
cf98694e-a627-4ca2-840d-b87c04e8cda9	2	576180b7-e7d4-4488-892b-16ea98505626	e8ce627d-0f59-47dc-8bc4-9c4c6faeaaac	2026-03-11 08:34:26	2026-03-11 08:34:26
6cc16c1a-3297-4813-a870-80d59c5713e4	3	576180b7-e7d4-4488-892b-16ea98505626	f25f7936-c795-45cd-83e1-f85a2e2f0293	2026-03-11 08:34:26	2026-03-11 08:34:26
da7d1f6c-c1bb-40e6-9f77-d5dcab62271f	4	576180b7-e7d4-4488-892b-16ea98505626	682f361c-437d-4579-9fbd-2e06a720dcf9	2026-03-11 08:34:26	2026-03-11 08:34:26
255e790f-de1d-41d2-b39b-176c9c438da6	0	2e5eac7d-df5d-4fc4-b685-6c486a61c663	19a8c75b-9a34-47c1-a8cb-2d138295cbb5	2026-03-11 08:34:28	2026-03-11 08:34:28
a94ad0a1-b7fa-4b7c-a4a0-7f04c45668a0	1	2e5eac7d-df5d-4fc4-b685-6c486a61c663	ad6b7903-5446-467c-8f2c-b120742b5b4c	2026-03-11 08:34:28	2026-03-11 08:34:28
328550ec-396a-4e8f-a1b6-fac5a7b81f6d	2	2e5eac7d-df5d-4fc4-b685-6c486a61c663	4466b180-40f1-4432-9271-e7ff8bb6511c	2026-03-11 08:34:28	2026-03-11 08:34:28
f3824847-c931-46fc-82d9-a2d96891ed96	3	2e5eac7d-df5d-4fc4-b685-6c486a61c663	e9c123b1-bc86-4272-9811-4be06f9f0910	2026-03-11 08:34:28	2026-03-11 08:34:28
b169b414-d7fa-4ded-b881-7a2207d20bbd	4	2e5eac7d-df5d-4fc4-b685-6c486a61c663	4af18169-8dc6-4817-865f-f15c1448d63f	2026-03-11 08:34:28	2026-03-11 08:34:28
ad59c12b-17fd-4917-bcfb-fbd4430c8d1a	0	ce974cea-ec2e-43f9-8678-8c80aed85d99	aa1b6d09-721e-453e-a4bd-2f5b7bf57440	2026-03-11 08:34:28	2026-03-11 08:34:28
1834e0e7-85c5-4409-afa9-66b50699e3a3	1	ce974cea-ec2e-43f9-8678-8c80aed85d99	00233631-5fb3-4e1f-82cd-2a5c0d0ce661	2026-03-11 08:34:28	2026-03-11 08:34:28
c4f53244-11d6-4ff3-9776-edcff4d88600	2	ce974cea-ec2e-43f9-8678-8c80aed85d99	bc3f32ed-178f-4ad0-ae1b-0afa5588bbb5	2026-03-11 08:34:28	2026-03-11 08:34:28
d8981f39-bb5f-43d3-85bd-0102b914f4a1	3	ce974cea-ec2e-43f9-8678-8c80aed85d99	2de8ca3d-5fb2-4671-97e1-010e70726636	2026-03-11 08:34:28	2026-03-11 08:34:28
308fc6f6-f5b3-4ba4-8fab-a04fef5fce67	4	ce974cea-ec2e-43f9-8678-8c80aed85d99	cbfacc2c-fce7-44c4-ba3a-80fd1189024b	2026-03-11 08:34:28	2026-03-11 08:34:28
1e2147df-ea98-4c1e-b27b-fcca1ee6de2c	0	364ce776-ea5c-40be-aaba-2641701e924d	a1f5ea6e-b86f-4b57-bf4b-6b53e3d5942d	2026-03-11 08:34:29	2026-03-11 08:34:29
27b94162-e2f7-4910-9beb-eab2293d4137	1	364ce776-ea5c-40be-aaba-2641701e924d	e994ba13-5f07-47fe-ae52-5b52510b581e	2026-03-11 08:34:29	2026-03-11 08:34:29
df4fa0f6-1e65-428e-92a2-37950e83a019	2	364ce776-ea5c-40be-aaba-2641701e924d	8b8b3e47-6950-431e-9924-0d3deeec03b8	2026-03-11 08:34:29	2026-03-11 08:34:29
ba8110a4-21c4-4b92-a611-f5f530b07a45	3	364ce776-ea5c-40be-aaba-2641701e924d	072bbc3d-9b2f-4a22-876f-ea6015600220	2026-03-11 08:34:29	2026-03-11 08:34:29
0862075f-5f7c-493f-ba16-add74d48a9fe	4	364ce776-ea5c-40be-aaba-2641701e924d	a3252b07-7abf-434e-88e4-2f42705e5c85	2026-03-11 08:34:29	2026-03-11 08:34:29
3603b144-e5b1-4955-9ad8-8bfbd7c1ac85	0	0a06d6c5-bd0f-4dda-bf97-d5a0923a7032	2e1e566d-f395-42c0-9f72-4dd117aa6c47	2026-03-11 08:34:29	2026-03-11 08:34:29
830e24f1-57f3-43fe-8083-22fd54a1b7b1	1	0a06d6c5-bd0f-4dda-bf97-d5a0923a7032	b8077246-368d-4c58-8466-090dcf2967e1	2026-03-11 08:34:29	2026-03-11 08:34:29
a4d001c1-cd2c-42ed-8f51-6081e6daee67	2	0a06d6c5-bd0f-4dda-bf97-d5a0923a7032	7935a136-15fd-4afc-83ca-c9d2a8ad8249	2026-03-11 08:34:29	2026-03-11 08:34:29
55123b0b-d60f-475d-9733-1357fd52e19b	3	0a06d6c5-bd0f-4dda-bf97-d5a0923a7032	356fd59b-a96e-4f70-854c-87c72ba8a418	2026-03-11 08:34:29	2026-03-11 08:34:29
c2701d68-5c7b-40ee-91c9-0620e650f709	4	0a06d6c5-bd0f-4dda-bf97-d5a0923a7032	65c1b21e-5d38-479a-864e-9a4eb34cf0b3	2026-03-11 08:34:29	2026-03-11 08:34:29
8477fb80-7376-4a14-ab4b-dc078a91b46b	0	c86c2907-26dc-49cb-9329-5256f2ed903a	43fb2ee3-8556-416e-8519-f5d74cac7abf	2026-03-11 08:34:26	2026-03-11 08:34:26
15eda38c-2d80-4a2a-bd5e-49eceafa9097	0	615523c6-bf73-4d26-99b7-b973d48ad773	a16a6522-d385-4251-80c6-27ed581a9276	2026-03-11 08:34:26	2026-03-11 08:34:26
e4cda4ad-cb3a-49ef-9ff0-e63e622a5979	1	615523c6-bf73-4d26-99b7-b973d48ad773	bb9ffed9-a9e9-4909-8b60-20692ec34b9a	2026-03-11 08:34:26	2026-03-11 08:34:26
33408215-546e-4908-af86-f771a8a1c66a	2	615523c6-bf73-4d26-99b7-b973d48ad773	2d1a9eec-f442-42bd-a243-d34eaf41ca5f	2026-03-11 08:34:26	2026-03-11 08:34:26
b2ae67d3-4ab0-420a-b514-fac18e753831	0	cfb5cec3-77f7-401c-bd02-bfd6424b72ac	5ad0da76-d30e-467d-9482-fb351030383a	2026-03-11 08:34:28	2026-03-11 08:34:28
7ede3aa4-9855-4d7b-aa51-314e2df25aa2	1	cfb5cec3-77f7-401c-bd02-bfd6424b72ac	1118fc53-f07e-4448-a3bc-6c3f61294492	2026-03-11 08:34:28	2026-03-11 08:34:28
0e184b97-29a2-4717-aab6-66d90511bd86	2	cfb5cec3-77f7-401c-bd02-bfd6424b72ac	516c479a-6b3b-41c4-84e6-c2959a5170d0	2026-03-11 08:34:28	2026-03-11 08:34:28
5278754d-fea8-4b47-8544-1ace2b1a33f0	3	cfb5cec3-77f7-401c-bd02-bfd6424b72ac	f9d864aa-5d03-4e1b-84ca-a27f02e55e90	2026-03-11 08:34:28	2026-03-11 08:34:28
1edfb376-79ce-4ff0-a398-d458d67fea6d	4	cfb5cec3-77f7-401c-bd02-bfd6424b72ac	ca744b74-9a01-4faa-a80f-d1482ac560d7	2026-03-11 08:34:28	2026-03-11 08:34:28
eab98c06-e490-4193-8d05-3e611c574b12	0	5746f1dc-19ac-4ce4-b831-3de45d30ead9	a9b64445-244f-4947-b67c-74c24e8e068d	2026-03-11 08:34:29	2026-03-11 08:34:29
aa85ac38-1d7d-41ad-96ae-7659c5e98624	1	5746f1dc-19ac-4ce4-b831-3de45d30ead9	c488fb5e-fb1c-4201-84be-562b8fe44b62	2026-03-11 08:34:29	2026-03-11 08:34:29
555f7cf9-68da-41e5-aa5a-85ce8a05ee2a	2	5746f1dc-19ac-4ce4-b831-3de45d30ead9	20bfbbce-cd32-473c-9d2a-73a8e8879d05	2026-03-11 08:34:29	2026-03-11 08:34:29
a6dbcc64-bf61-401b-931b-d62cd1ecd6ab	3	5746f1dc-19ac-4ce4-b831-3de45d30ead9	c0c3ed0a-fb11-41bc-bea5-0b8eaaf942ba	2026-03-11 08:34:29	2026-03-11 08:34:29
a0c46b2d-2f79-46e0-870e-fd094ed95dd1	4	5746f1dc-19ac-4ce4-b831-3de45d30ead9	4c1c9a5d-d15a-40a3-825e-5725ba33ff7d	2026-03-11 08:34:29	2026-03-11 08:34:29
c5eea549-5036-42e3-8f0e-6931964eb961	0	08d033a1-7600-4450-989b-41e015db706f	af3f6194-e509-44df-b807-0a1a3760f0ca	2026-03-11 08:34:29	2026-03-11 08:34:29
be21b34c-5ef4-41bc-a009-3da40811c4e8	1	08d033a1-7600-4450-989b-41e015db706f	077fcd3f-5c18-4f62-b995-989939384c60	2026-03-11 08:34:29	2026-03-11 08:34:29
cd20caaf-14ea-4287-ac31-21884b140782	2	08d033a1-7600-4450-989b-41e015db706f	8800561a-b8c8-48ec-8a02-b6b2cc803ad6	2026-03-11 08:34:29	2026-03-11 08:34:29
1244a2b6-8ad0-48e8-ac90-db26496135ac	3	08d033a1-7600-4450-989b-41e015db706f	5412f588-a73f-4a6f-b98e-aa430d3f4833	2026-03-11 08:34:29	2026-03-11 08:34:29
63be209b-1d3e-4944-bf96-cafd2267bc38	0	1dbf3566-782e-4f9b-bb01-ee16513a9bdc	f6b48dbe-6225-444c-8f09-82c926c207d9	2026-03-11 08:34:29	2026-03-11 08:34:29
1ef12820-5fc2-485c-8419-82e9f477d606	1	1dbf3566-782e-4f9b-bb01-ee16513a9bdc	5ad16034-6579-4bfe-a49c-7629e808ee25	2026-03-11 08:34:29	2026-03-11 08:34:29
3f48c8ad-6c77-42fc-aab2-db092c135dac	2	1dbf3566-782e-4f9b-bb01-ee16513a9bdc	1fd45785-22d2-4a2a-a4d3-44761544c5d1	2026-03-11 08:34:29	2026-03-11 08:34:29
8ed46ea2-dab7-4423-aa4c-f7afed59e4c6	3	1dbf3566-782e-4f9b-bb01-ee16513a9bdc	006f5d8d-c2e3-4410-bbc0-3e74e51a4611	2026-03-11 08:34:29	2026-03-11 08:34:29
1806ffd0-599e-4d61-b016-4b06efde1022	4	1dbf3566-782e-4f9b-bb01-ee16513a9bdc	d12c5b43-3c84-4fff-ad29-9e6b56202f70	2026-03-11 08:34:29	2026-03-11 08:34:29
6e92b384-5144-49ab-b7bf-1dc1c444163b	0	c5dc92b2-b5d4-43c9-b5ca-105bfa524e94	0891ce20-cf2a-4805-adba-2ab1125b685a	2026-03-11 08:34:26	2026-03-11 08:34:26
944bb529-a052-42d5-970e-4cfb25f391f7	1	c5dc92b2-b5d4-43c9-b5ca-105bfa524e94	eae0f9c9-7483-4e9d-8155-6bb0cc3c041e	2026-03-11 08:34:26	2026-03-11 08:34:26
7cdcfa4a-0570-4400-9215-f70ee8bf986b	2	c5dc92b2-b5d4-43c9-b5ca-105bfa524e94	2d9a3368-d9de-4f8f-b7e6-df85d8242796	2026-03-11 08:34:26	2026-03-11 08:34:26
43eda205-e1a7-4244-bf35-9790fd4daede	3	c5dc92b2-b5d4-43c9-b5ca-105bfa524e94	af64b098-b333-42ae-8c0c-91055c2f7a16	2026-03-11 08:34:26	2026-03-11 08:34:26
992e2422-9bcd-4be9-851e-1d3659fa7a6c	4	c5dc92b2-b5d4-43c9-b5ca-105bfa524e94	02d779dc-778e-4eff-aaf0-ccbf9d4fd2b9	2026-03-11 08:34:26	2026-03-11 08:34:26
d0dfb58f-8eed-46cc-a109-558cca372d71	0	db055ed5-7f9b-4e61-b3f8-a5d2a390df14	b0720bb7-a272-4eef-9ecf-6589e31dcd59	2026-03-11 08:34:26	2026-03-11 08:34:26
a0728212-6a70-4417-ae61-9fcbb6f15d67	1	db055ed5-7f9b-4e61-b3f8-a5d2a390df14	ba354ac1-34b9-4cdf-ac0f-56f2ac176dee	2026-03-11 08:34:26	2026-03-11 08:34:26
4286c810-2c31-4527-9912-2e587eafb992	2	db055ed5-7f9b-4e61-b3f8-a5d2a390df14	42df9020-2470-4ad0-9075-9398e09f636b	2026-03-11 08:34:26	2026-03-11 08:34:26
e5bc0e63-dc01-4afe-8d90-e25eb41409e9	3	db055ed5-7f9b-4e61-b3f8-a5d2a390df14	5412f588-a73f-4a6f-b98e-aa430d3f4833	2026-03-11 08:34:26	2026-03-11 08:34:26
4dec6ab2-203b-46c7-a185-f48e691f06c6	4	db055ed5-7f9b-4e61-b3f8-a5d2a390df14	43ce4047-0f5b-4071-9852-259b0e755d6d	2026-03-11 08:34:26	2026-03-11 08:34:26
37172f15-2f2e-49c5-8803-4d1b870416e1	0	f0e6cd5d-c2fe-4720-8bf4-efd92b52a4b8	61f34d43-fdfb-4370-a12b-44ccfff5a5c6	2026-03-11 08:34:28	2026-03-11 08:34:28
7439625f-d37f-451f-a844-4a482d77bcdf	1	f0e6cd5d-c2fe-4720-8bf4-efd92b52a4b8	83d0064c-bb86-4427-8a93-de090014dd16	2026-03-11 08:34:28	2026-03-11 08:34:28
f1f59d66-3295-4e8a-aedf-d5b10ff18b77	2	f0e6cd5d-c2fe-4720-8bf4-efd92b52a4b8	f2a0eee2-a0a5-4540-9420-6be04619458b	2026-03-11 08:34:28	2026-03-11 08:34:28
861b4a62-9d21-43ee-b187-c102d544d527	3	f0e6cd5d-c2fe-4720-8bf4-efd92b52a4b8	680170bc-e7cb-4802-9215-0e6b34fee3d5	2026-03-11 08:34:28	2026-03-11 08:34:28
262b67ff-9337-4824-93fc-f79a4f0847b9	4	f0e6cd5d-c2fe-4720-8bf4-efd92b52a4b8	d8f7a5c9-aa5c-4d8f-acc2-b6fb285d24f3	2026-03-11 08:34:28	2026-03-11 08:34:28
6a4b1846-9006-412c-8fa9-91e00dd0b7a5	0	df8d96bc-bd75-496c-9ae8-30a85957b0a9	5b1859d0-622c-4eb9-9827-8e47adad42a2	2026-03-11 08:34:28	2026-03-11 08:34:28
4194007d-7c09-48ef-b61c-0ff12557d0d1	1	df8d96bc-bd75-496c-9ae8-30a85957b0a9	28bc1311-9502-41d3-85d1-bfce59b6e62e	2026-03-11 08:34:28	2026-03-11 08:34:28
a20d0eef-f91a-4202-8531-9ac2aa95aab6	2	df8d96bc-bd75-496c-9ae8-30a85957b0a9	9956cac8-bfb0-4a78-80ea-82f321c42f4b	2026-03-11 08:34:28	2026-03-11 08:34:28
589dadc8-4931-496f-ab8e-e9a875ccaf20	3	df8d96bc-bd75-496c-9ae8-30a85957b0a9	466278e2-2839-47b7-8553-9f4ade3791db	2026-03-11 08:34:28	2026-03-11 08:34:28
c2c6079c-0af9-40ce-89b6-a4381a8f1286	4	df8d96bc-bd75-496c-9ae8-30a85957b0a9	410cf9f3-945c-4746-8f06-f3218881f564	2026-03-11 08:34:28	2026-03-11 08:34:28
c92e9236-2c78-4733-ae89-00378601cf6a	0	7fff3c9e-424e-4ebe-8fb4-1c3eed5664a5	0e4f5655-54b8-4175-8373-5a312e2a1c25	2026-03-11 08:34:29	2026-03-11 08:34:29
34536432-62ab-4d47-b3db-f43a4956227b	1	7fff3c9e-424e-4ebe-8fb4-1c3eed5664a5	d75f0405-a7f5-4d8c-8d7d-5c338e6de661	2026-03-11 08:34:29	2026-03-11 08:34:29
2152083f-e55a-4654-9238-0f4d9c82e6c5	2	7fff3c9e-424e-4ebe-8fb4-1c3eed5664a5	e742fc59-5faa-4360-b6c1-61e4bf9cfe2b	2026-03-11 08:34:29	2026-03-11 08:34:29
6c7652d8-ec5d-445a-bf8d-19747dadac8b	3	7fff3c9e-424e-4ebe-8fb4-1c3eed5664a5	47d9567a-b4ad-402a-bfb4-68134fcfad6b	2026-03-11 08:34:29	2026-03-11 08:34:29
96b28236-3236-453b-bed6-22df44bf0b79	4	7fff3c9e-424e-4ebe-8fb4-1c3eed5664a5	da41e5d7-5fe1-457a-88c8-708aa178045d	2026-03-11 08:34:29	2026-03-11 08:34:29
9598d58d-270c-4122-9b80-5379e83def8e	0	8601d823-6978-4aff-97a1-97b9a7ff4383	ba1b9da9-0d2a-4f2e-ba2b-76807c9454a9	2026-03-11 08:34:29	2026-03-11 08:34:29
1fdc44ee-2dd0-4e46-8d10-b6fb2e26aceb	1	8601d823-6978-4aff-97a1-97b9a7ff4383	a0dbc28c-b094-4f52-8c24-aeb58947d201	2026-03-11 08:34:29	2026-03-11 08:34:29
f2c8808f-9c7b-48a5-aa0a-20ed3a2104c4	2	8601d823-6978-4aff-97a1-97b9a7ff4383	713abd93-3fab-4976-b668-0a57d3903a86	2026-03-11 08:34:29	2026-03-11 08:34:29
df92a3f0-44ff-4edc-90f5-a6b026b822ce	3	8601d823-6978-4aff-97a1-97b9a7ff4383	5df7f563-b1ea-43ac-a712-f09c082e7a89	2026-03-11 08:34:29	2026-03-11 08:34:29
99a5250b-02a9-44fd-be85-e0ac5b90c7af	4	8601d823-6978-4aff-97a1-97b9a7ff4383	6249f44c-08f3-480a-a1a8-18aad9385aac	2026-03-11 08:34:29	2026-03-11 08:34:29
a9fbc61a-b6e1-495f-a56b-17a8600d84db	0	6b59b961-2526-4e0a-abc7-463227e2ac3e	3ce3da71-0de1-4d9a-a642-fc5d6f4cbcdd	2026-03-11 08:34:26	2026-03-11 08:34:26
d6f5768e-5ae1-49b6-a271-6e763ded0a44	1	6b59b961-2526-4e0a-abc7-463227e2ac3e	7e3e7039-fb30-44ff-abb1-47fadb283055	2026-03-11 08:34:26	2026-03-11 08:34:26
e7d37f64-3b6f-463f-b664-1ec478739c75	2	6b59b961-2526-4e0a-abc7-463227e2ac3e	15c64913-a3b6-424f-8900-e248e66e476b	2026-03-11 08:34:26	2026-03-11 08:34:26
c875f7dc-ff55-433a-aedd-956b55d0f563	3	6b59b961-2526-4e0a-abc7-463227e2ac3e	65c1b21e-5d38-479a-864e-9a4eb34cf0b3	2026-03-11 08:34:26	2026-03-11 08:34:26
caffb11e-544a-486e-8d31-0fb5887cdf48	4	6b59b961-2526-4e0a-abc7-463227e2ac3e	356fd59b-a96e-4f70-854c-87c72ba8a418	2026-03-11 08:34:26	2026-03-11 08:34:26
92fe4b52-9129-4856-ac89-88f2a920f52e	0	e49c214c-162e-4fad-bd47-4d4519b9a017	9e69f1f6-fa10-4f01-8a84-e5f26ad2e3b5	2026-03-11 08:34:28	2026-03-11 08:34:28
67f3f84b-604e-41d8-b45d-cd9489ed1005	1	e49c214c-162e-4fad-bd47-4d4519b9a017	98122247-7d02-450b-9247-6867ae75aff1	2026-03-11 08:34:28	2026-03-11 08:34:28
32f28666-277f-4b6b-87d5-333a9d1d288e	2	e49c214c-162e-4fad-bd47-4d4519b9a017	58d3cfff-1087-4a0a-932e-7c2e84723479	2026-03-11 08:34:28	2026-03-11 08:34:28
6e9cc215-87a2-4c99-b6b0-8c7128f850bc	3	e49c214c-162e-4fad-bd47-4d4519b9a017	0621e9f6-96df-495c-9418-b4c46c8f6730	2026-03-11 08:34:28	2026-03-11 08:34:28
b75f1d7b-1740-496f-9606-0962a8e66a08	4	e49c214c-162e-4fad-bd47-4d4519b9a017	8fa70515-d7b7-4d9b-b722-bbf4720b1664	2026-03-11 08:34:28	2026-03-11 08:34:28
a696df36-1d27-419b-9878-c510c3da76e6	0	98e2a20c-c17f-4ab7-8d03-1f9a1d6761a7	bdbb256b-9816-45c4-b0cc-e451d738c64d	2026-03-11 08:34:28	2026-03-11 08:34:28
5d4d641c-2184-4c27-890d-12915f0f65a9	1	98e2a20c-c17f-4ab7-8d03-1f9a1d6761a7	35b04c02-f79b-47c4-ad12-c5c31649397e	2026-03-11 08:34:28	2026-03-11 08:34:28
fe87cc2d-1a63-4187-bc3c-86a0c93fc0a3	2	98e2a20c-c17f-4ab7-8d03-1f9a1d6761a7	0269cb06-9511-42f9-8883-88ef133e80f8	2026-03-11 08:34:28	2026-03-11 08:34:28
a29cbc84-8077-4193-a8ed-d9a2b57ab7de	3	98e2a20c-c17f-4ab7-8d03-1f9a1d6761a7	bbde8956-892a-4e51-8320-1fbde9b5325f	2026-03-11 08:34:28	2026-03-11 08:34:28
c1035562-ba3f-4ef6-b15f-a3b6950291d8	4	98e2a20c-c17f-4ab7-8d03-1f9a1d6761a7	b8f214b2-e21a-416f-b564-c523024c717a	2026-03-11 08:34:28	2026-03-11 08:34:28
a985fc0f-1457-4ebf-8b24-99480d1119b6	0	6521fec6-f020-43bd-a9dd-f35b5ac82e52	7ea0acf3-afe8-4297-8971-225e267a1181	2026-03-11 08:34:29	2026-03-11 08:34:29
9e03b6f9-c7df-477b-ad65-695bb8304dc7	1	6521fec6-f020-43bd-a9dd-f35b5ac82e52	3340fdaa-0c07-4844-81c6-bb35a72c1d06	2026-03-11 08:34:29	2026-03-11 08:34:29
763d8857-496d-4227-a4f0-32cc8aee7830	2	6521fec6-f020-43bd-a9dd-f35b5ac82e52	911a99c2-c28a-411d-8dbf-9917f37f8e0b	2026-03-11 08:34:29	2026-03-11 08:34:29
e989ea19-3ade-4f4e-82cb-c3cf7141331f	3	6521fec6-f020-43bd-a9dd-f35b5ac82e52	034e2828-d33f-40cb-99fb-a28d20738582	2026-03-11 08:34:29	2026-03-11 08:34:29
88eac6ca-69e2-4f04-8f4c-1c40a5625fb2	4	6521fec6-f020-43bd-a9dd-f35b5ac82e52	bdd42527-b5ab-4343-97b0-3467bbb50e9e	2026-03-11 08:34:29	2026-03-11 08:34:29
316c1155-6b69-4687-87c4-e51fdb16f4df	0	6c455177-2cfb-4971-97ed-44fddea1a1ca	94b23782-f276-486a-b260-e58e2943bdc7	2026-03-11 08:34:29	2026-03-11 08:34:29
9b3a82b2-f07d-41b1-a9d7-242cd5990f86	1	6c455177-2cfb-4971-97ed-44fddea1a1ca	5561f00e-6111-4460-8480-1172473cd2a7	2026-03-11 08:34:29	2026-03-11 08:34:29
a8147a99-c2c8-4b16-a2f5-442c01ec3e9e	2	6c455177-2cfb-4971-97ed-44fddea1a1ca	9dce93db-5c0d-457b-9bab-0ecbcb1115fd	2026-03-11 08:34:29	2026-03-11 08:34:29
4ff0f4ed-1c49-4fa3-a7be-f2d45969d11c	3	6c455177-2cfb-4971-97ed-44fddea1a1ca	75a917d1-3b0e-4d44-ad69-da7caa31587c	2026-03-11 08:34:29	2026-03-11 08:34:29
b44e4c7b-7d1a-4cf9-aa1f-c43e373441ee	4	6c455177-2cfb-4971-97ed-44fddea1a1ca	35f084b3-f4ae-4122-bd34-62ebe706fef2	2026-03-11 08:34:29	2026-03-11 08:34:29
a5d2ce05-d8ec-4ffa-b292-20d366de55a7	0	051271ec-63f3-41f5-8cca-64e24e5112b7	cb9ec3e2-b543-4b7b-8789-97f0d7396f8e	2026-03-11 08:34:26	2026-03-11 08:34:26
eab36b68-3edb-4d05-86d9-8a9a5e1e7be4	1	051271ec-63f3-41f5-8cca-64e24e5112b7	f417261f-e16a-4121-9ee2-a67543374800	2026-03-11 08:34:26	2026-03-11 08:34:26
b48068ea-9ac9-4a14-a623-8436ff6d2529	2	051271ec-63f3-41f5-8cca-64e24e5112b7	c7032414-6abb-41fd-8a7b-3d628438c0bb	2026-03-11 08:34:26	2026-03-11 08:34:26
f2949f8a-c387-42f9-8243-d868f5e9e80a	3	051271ec-63f3-41f5-8cca-64e24e5112b7	acf7915c-be59-4848-bf51-adf3fc39e5a9	2026-03-11 08:34:26	2026-03-11 08:34:26
14d717f5-caa9-4d56-88c5-950a09d6ad3d	4	051271ec-63f3-41f5-8cca-64e24e5112b7	421229a2-8551-425d-a6c2-5218b4c5ffb4	2026-03-11 08:34:26	2026-03-11 08:34:26
8b0b5f61-eb2e-4397-a2e7-4be669bfe5d9	0	740c952e-90cb-4c43-b0b4-084b3cdb33af	c1a6608a-8a95-4700-883e-261d9c5b9ab4	2026-03-11 08:34:26	2026-03-11 08:34:26
ed4ac8a4-4118-4eaa-8be5-e74925b0dabe	1	740c952e-90cb-4c43-b0b4-084b3cdb33af	8f04725a-f9c6-4922-91a8-68cdccd50ecb	2026-03-11 08:34:26	2026-03-11 08:34:26
0c8de40e-2973-4a70-bfb2-8757bb13f996	2	740c952e-90cb-4c43-b0b4-084b3cdb33af	659312e6-8ba0-4398-aad0-e66cfb42f8dc	2026-03-11 08:34:26	2026-03-11 08:34:26
ff03a4e8-3faf-4280-a55d-ca6d5fea227a	3	740c952e-90cb-4c43-b0b4-084b3cdb33af	73c50083-f209-4024-bdeb-891e1660372c	2026-03-11 08:34:26	2026-03-11 08:34:26
143b8fb6-bd02-4e02-a0d1-86fe7cbd9562	0	315cc97b-60cf-4582-ab84-dc2c97459f1d	55dcf1b1-9de2-4a63-9cfd-e85b2823fa0c	2026-03-11 08:34:28	2026-03-11 08:34:28
a3e8212f-4f19-4e73-b260-5ce3b2e2a4f0	1	315cc97b-60cf-4582-ab84-dc2c97459f1d	05e60ae6-090d-4132-9b56-89eb878bc0c7	2026-03-11 08:34:28	2026-03-11 08:34:28
1b6199b9-fede-4d08-9736-9d222600a072	2	315cc97b-60cf-4582-ab84-dc2c97459f1d	aff12136-fd06-4da6-ba14-7acfa87e6f1e	2026-03-11 08:34:28	2026-03-11 08:34:28
02006323-5c42-47e5-af15-099e3ce55770	3	315cc97b-60cf-4582-ab84-dc2c97459f1d	a1f31a67-4e5d-4351-a88b-add5a2a91a3f	2026-03-11 08:34:28	2026-03-11 08:34:28
6bb047cb-5b7a-4b9d-9f2a-cd80f1f7c546	4	315cc97b-60cf-4582-ab84-dc2c97459f1d	e1797bc2-8268-4a94-9125-950e387dcb5e	2026-03-11 08:34:28	2026-03-11 08:34:28
1762030b-0f0a-4bbc-834a-be0f3bd798d9	0	cea9c1ca-e4b7-4cc6-82fc-3b3dd57ed056	be66a0ab-53e4-418f-be35-30daea92a180	2026-03-11 08:34:28	2026-03-11 08:34:28
83a2ee1a-0077-49c4-9cf2-e4aad211d072	1	cea9c1ca-e4b7-4cc6-82fc-3b3dd57ed056	824e41da-b260-41ad-b5ad-117e53fa782f	2026-03-11 08:34:28	2026-03-11 08:34:28
122c0e9b-28d1-41ca-a6a3-a5470370bd15	2	cea9c1ca-e4b7-4cc6-82fc-3b3dd57ed056	6c330fd1-e7ad-42c7-8447-78c6f439dbed	2026-03-11 08:34:28	2026-03-11 08:34:28
eb7acb87-5b25-4e87-9119-743d3b9d78e4	3	cea9c1ca-e4b7-4cc6-82fc-3b3dd57ed056	238e5e11-c032-4644-a885-2720de365a15	2026-03-11 08:34:28	2026-03-11 08:34:28
bff47c1c-a0fa-495e-a6c6-3a4c8d81c36f	4	cea9c1ca-e4b7-4cc6-82fc-3b3dd57ed056	6eb72f5d-fac8-4bcc-a940-707c15b1504b	2026-03-11 08:34:28	2026-03-11 08:34:28
177a8266-0754-4217-b530-33fb39621750	0	b062187c-8b4c-4beb-936e-d22a485a7e97	df7073d5-f46d-4cb4-84f8-837013c7c848	2026-03-11 08:34:29	2026-03-11 08:34:29
83498130-2ba4-4765-9bb0-d1199bd8c16b	1	b062187c-8b4c-4beb-936e-d22a485a7e97	120fe41a-421f-4a39-b1b7-a043ae320e19	2026-03-11 08:34:29	2026-03-11 08:34:29
9aff6381-c9d0-4816-8519-3f74884dc987	2	b062187c-8b4c-4beb-936e-d22a485a7e97	021e585b-4039-4a5f-8203-f564b4fe8c70	2026-03-11 08:34:29	2026-03-11 08:34:29
48a9cd39-86ff-42b4-9e65-9b3946925f9b	3	b062187c-8b4c-4beb-936e-d22a485a7e97	a19365f2-7a53-4b37-a9c9-1a6b8632baeb	2026-03-11 08:34:29	2026-03-11 08:34:29
36b2858e-b1f3-4622-ac69-af0aa13bd8c8	4	b062187c-8b4c-4beb-936e-d22a485a7e97	b1037c31-6fc4-40e5-8985-d06b4793b668	2026-03-11 08:34:29	2026-03-11 08:34:29
f3a1d07c-636b-4431-bc72-db4a333776b8	0	8f0f7962-0052-461c-a57b-c7dc5f4ae661	2f0c653d-73cc-4705-ab50-a14cbdf32d8d	2026-03-11 08:34:29	2026-03-11 08:34:29
c4a24f28-b622-4b31-a7c3-5511263488a7	1	8f0f7962-0052-461c-a57b-c7dc5f4ae661	7f3504de-1ab3-44e4-89d7-e68795cca1b4	2026-03-11 08:34:29	2026-03-11 08:34:29
4fd6e98c-2150-461b-b96e-8df1e499966d	2	8f0f7962-0052-461c-a57b-c7dc5f4ae661	7baeefc9-814b-4bbc-bbe6-594afc7c5fe5	2026-03-11 08:34:29	2026-03-11 08:34:29
f77cb268-92d2-444d-924d-9da3d173bcb3	3	8f0f7962-0052-461c-a57b-c7dc5f4ae661	6785a6e8-54ff-4423-a767-5e03408d402e	2026-03-11 08:34:29	2026-03-11 08:34:29
b01b58b9-2f68-49e9-8a6f-9edd69454e6b	0	953909b5-1099-4068-ad4d-536b1df26c61	5b9fdd1c-bcc6-4514-8e76-55b7735f1a30	2026-03-11 08:34:29	2026-03-11 08:34:29
bff4dbb0-1181-40ff-b4db-944449c6049d	1	953909b5-1099-4068-ad4d-536b1df26c61	720deaf3-f113-4af4-905b-c69bddb40052	2026-03-11 08:34:29	2026-03-11 08:34:29
03e82421-493f-43e2-9fc2-c25699424d78	2	953909b5-1099-4068-ad4d-536b1df26c61	029ea23e-cf20-497e-a67a-9c874681c8ef	2026-03-11 08:34:29	2026-03-11 08:34:29
745ec28f-04e3-429a-8ffe-4f9e9ca5b6f9	3	953909b5-1099-4068-ad4d-536b1df26c61	6b85cf6a-215d-41bd-bda0-1192d8285d5a	2026-03-11 08:34:29	2026-03-11 08:34:29
8e91aea7-531b-4d65-a7cf-fa2e507e12c7	4	953909b5-1099-4068-ad4d-536b1df26c61	8fa70515-d7b7-4d9b-b722-bbf4720b1664	2026-03-11 08:34:29	2026-03-11 08:34:29
d0e3622c-9a12-4df7-9204-440af6e67028	0	dfd65c7e-4144-4428-b548-e7fe3654a8d8	e2dad3e9-9f39-4760-a730-b50ffe582fab	2026-03-11 08:34:29	2026-03-11 08:34:29
3e6d328e-e182-49ce-aaac-de9f60eb26e7	1	dfd65c7e-4144-4428-b548-e7fe3654a8d8	3b60ab41-5e99-4817-baa9-1154bbf2b8b9	2026-03-11 08:34:29	2026-03-11 08:34:29
524b9109-8590-4a0d-a776-aa7b9fbeb4f7	2	dfd65c7e-4144-4428-b548-e7fe3654a8d8	2450e83b-1313-4968-807f-f3b72a777437	2026-03-11 08:34:29	2026-03-11 08:34:29
07601c60-1d35-4c16-99ca-1c7ffdd1bb50	3	dfd65c7e-4144-4428-b548-e7fe3654a8d8	1e4bca29-3cd2-4c6a-9d39-5619886df43a	2026-03-11 08:34:29	2026-03-11 08:34:29
b085098a-a55d-4a33-8729-fa335cbbc545	4	dfd65c7e-4144-4428-b548-e7fe3654a8d8	644cdc4b-9139-4c40-8b25-941383ebaef2	2026-03-11 08:34:29	2026-03-11 08:34:29
36819f78-f61c-4e59-9bd0-e35e3586d460	0	785e8b2c-5969-4d53-8e38-89fa70806350	acbe33f1-b4e1-4786-80da-f153918cb4bf	2026-03-11 08:34:29	2026-03-11 08:34:29
b04f3217-7bbf-4de4-82a6-795da62896cc	1	785e8b2c-5969-4d53-8e38-89fa70806350	9a431e59-c73d-4ca7-b8d1-3deb39ab187f	2026-03-11 08:34:29	2026-03-11 08:34:29
4df4f29e-e524-4e1a-a986-c91f19c265c3	2	785e8b2c-5969-4d53-8e38-89fa70806350	e3c9b48e-112d-4500-8e71-cb6e1f032420	2026-03-11 08:34:29	2026-03-11 08:34:29
561b98fc-dbe5-485b-be41-d76ad008b985	3	785e8b2c-5969-4d53-8e38-89fa70806350	b3832cc2-eaf3-494d-b772-be4841cc0018	2026-03-11 08:34:29	2026-03-11 08:34:29
4ab5e29f-9451-415d-a0f0-82f752a40be1	4	785e8b2c-5969-4d53-8e38-89fa70806350	83680249-5b5e-4e5a-876d-03a59f0376a2	2026-03-11 08:34:29	2026-03-11 08:34:29
